EE1,EE2,EE3,EE4,EE5,EE6,EE7,EE8,EE9,EE10,EE11,EE12,EE13,EE14,EE15,EE16,EE17,EE18,EE19,EE20,EE21,EE22,EE23,EE24,EE25,EE26,EE27,EE28,EE29,EE30,EE31,EE32,EE33,EE34,EE35,EE36,EE37,EE38,EE39,EE40,EE41,EE42,EE43,EE44,EE45,EE46,EE47,EE48,EE49,EE50,EE51,EE52,EE53,EE54,Verdadera
2099.0,2108.0,2599.0,2599.0,2349.0,2349.0,3108.0,2608.0,2608.0,3108.0,1976.0,2019.0,2254.0,2054.0,1833.0,1904.0,1998.0,2537.0,2518.0,1946.0,1882.0,1895.0,2265.0,1998.0,1905.0,1756.0,2172.0,2185.0,1755.0,1837.0,1810.0,2404.0,1896.0,1904.0,2396.0,1944.0,1867.0,1710.0,2005.0,2103.0,2112.0,2184.0,2182.0,2241.0,2163.0,2282.0,2000.0,1894.0,1864.0,1717.0,1707.0,2328.0,2173.0,2201.0,SI
2080.0,2144.0,2580.0,2580.0,2330.0,2330.0,3144.0,2644.0,2644.0,3144.0,2025.0,1982.0,2278.0,2018.0,1858.0,1951.0,1998.0,2554.0,2583.0,1982.0,1879.0,1875.0,2250.0,1998.0,1926.0,1797.0,2178.0,2196.0,1761.0,1859.0,1804.0,2393.0,1875.0,1893.0,2375.0,1980.0,1958.0,1819.0,2077.0,2137.0,2123.0,2259.0,2207.0,2224.0,2168.0,2325.0,1973.0,1874.0,1904.0,1776.0,1715.0,2330.0,2158.0,2187.0,SI
2351.0,2359.0,2851.0,2851.0,2601.0,2601.0,3359.0,2859.0,2859.0,3359.0,2209.0,2243.0,2500.0,2261.0,2113.0,2162.0,2231.0,2805.0,2781.0,2197.0,2131.0,2102.0,2505.0,2231.0,2160.0,2026.0,2422.0,2491.0,1999.0,2124.0,2104.0,2628.0,2151.0,2128.0,2651.0,2195.0,2127.0,2047.0,2285.0,2383.0,2341.0,2467.0,2404.0,2520.0,2440.0,2534.0,2282.0,2101.0,2152.0,1998.0,2075.0,2580.0,2399.0,2455.0,SI
2027.0,2082.0,2527.0,2527.0,2277.0,2277.0,3082.0,2582.0,2582.0,3082.0,1882.0,2015.0,2220.0,1956.0,1807.0,1861.0,1966.0,2506.0,2513.0,1911.0,1857.0,1882.0,2252.0,1966.0,1918.0,1771.0,2185.0,2126.0,1713.0,1830.0,1742.0,2395.0,1859.0,1895.0,2359.0,1909.0,1873.0,1741.0,2036.0,2107.0,2072.0,2227.0,2218.0,2224.0,2174.0,2363.0,2039.0,1881.0,1917.0,1682.0,1710.0,2369.0,2139.0,2174.0,SI
2242.0,2255.0,2742.0,2742.0,2492.0,2492.0,3255.0,2755.0,2755.0,3255.0,2103.0,2091.0,2432.0,2147.0,1942.0,2036.0,2093.0,2688.0,2670.0,2093.0,2008.0,2014.0,2436.0,2093.0,2032.0,1918.0,2356.0,2313.0,1866.0,1983.0,1935.0,2526.0,2008.0,2026.0,2508.0,2091.0,2035.0,1920.0,2206.0,2301.0,2264.0,2321.0,2319.0,2413.0,2343.0,2414.0,2137.0,2013.0,1992.0,1875.0,1870.0,2446.0,2298.0,2351.0,SI
2062.0,2127.0,2562.0,2562.0,2312.0,2312.0,3127.0,2627.0,2627.0,3127.0,1960.0,2040.0,2261.0,1990.0,1815.0,1885.0,1989.0,2540.0,2533.0,1940.0,1932.0,1874.0,2255.0,1989.0,1943.0,1821.0,2179.0,2199.0,1760.0,1846.0,1824.0,2365.0,1911.0,1865.0,2411.0,1938.0,1919.0,1843.0,2052.0,2161.0,2081.0,2146.0,2208.0,2251.0,2152.0,2272.0,2012.0,1873.0,1909.0,1776.0,1758.0,2315.0,2205.0,2157.0,SI
1972.0,2008.0,2472.0,2472.0,2222.0,2222.0,3008.0,2508.0,2508.0,3008.0,1826.0,1886.0,2137.0,1866.0,1705.0,1777.0,1838.0,2442.0,2450.0,1855.0,1779.0,1769.0,2150.0,1838.0,1802.0,1684.0,2044.0,2066.0,1609.0,1717.0,1701.0,2249.0,1740.0,1749.0,2240.0,1853.0,1848.0,1722.0,1952.0,2072.0,2035.0,2086.0,2113.0,2198.0,2089.0,2170.0,1893.0,1768.0,1758.0,1609.0,1596.0,2260.0,2068.0,2082.0,SI
1780.0,1823.0,2280.0,2280.0,2030.0,2030.0,2823.0,2323.0,2323.0,2823.0,1721.0,1735.0,1986.0,1720.0,1569.0,1635.0,1709.0,2249.0,2239.0,1682.0,1641.0,1623.0,1997.0,1709.0,1636.0,1512.0,1914.0,1876.0,1517.0,1582.0,1550.0,2149.0,1620.0,1649.0,2120.0,1680.0,1615.0,1499.0,1742.0,1845.0,1864.0,1901.0,1881.0,1994.0,1917.0,2021.0,1757.0,1622.0,1657.0,1497.0,1456.0,2060.0,1862.0,1878.0,SI
2209.0,2309.0,2709.0,2709.0,2459.0,2459.0,3309.0,2809.0,2809.0,3309.0,2142.0,2166.0,2403.0,2173.0,1999.0,2118.0,2169.0,2739.0,2730.0,2097.0,2074.0,2028.0,2415.0,2169.0,2111.0,1979.0,2333.0,2344.0,1924.0,2030.0,1979.0,2559.0,2056.0,2059.0,2556.0,2095.0,2094.0,2006.0,2211.0,2347.0,2352.0,2414.0,2412.0,2477.0,2398.0,2499.0,2208.0,2027.0,2033.0,1940.0,1924.0,2546.0,2339.0,2335.0,SI
2387.0,2417.0,2887.0,2887.0,2637.0,2637.0,3417.0,2917.0,2917.0,3417.0,2263.0,2275.0,2568.0,2295.0,2113.0,2170.0,2270.0,2838.0,2843.0,2207.0,2170.0,2171.0,2572.0,2270.0,2176.0,2075.0,2456.0,2454.0,2007.0,2089.0,2065.0,2668.0,2156.0,2168.0,2656.0,2205.0,2170.0,2030.0,2342.0,2447.0,2460.0,2524.0,2572.0,2582.0,2516.0,2664.0,2346.0,2170.0,2136.0,2018.0,2016.0,2696.0,2481.0,2503.0,SI
2215.0,2233.0,2715.0,2715.0,2465.0,2465.0,3233.0,2733.0,2733.0,3233.0,2093.0,2138.0,2375.0,2134.0,1934.0,2023.0,2093.0,2635.0,2655.0,2048.0,2028.0,2032.0,2419.0,2093.0,2026.0,1891.0,2344.0,2303.0,1910.0,1975.0,1930.0,2502.0,1992.0,2002.0,2492.0,2046.0,2012.0,1929.0,2131.0,2284.0,2250.0,2321.0,2287.0,2371.0,2296.0,2409.0,2111.0,2031.0,2009.0,1850.0,1883.0,2463.0,2309.0,2315.0,SI
2104.0,2142.0,2604.0,2604.0,2354.0,2354.0,3142.0,2642.0,2642.0,3142.0,2014.0,1984.0,2308.0,2042.0,1904.0,1955.0,2016.0,2551.0,2575.0,1950.0,1889.0,1877.0,2263.0,2016.0,1945.0,1766.0,2185.0,2206.0,1801.0,1820.0,1808.0,2464.0,1907.0,1964.0,2407.0,1948.0,1888.0,1767.0,2020.0,2190.0,2240.0,2276.0,2234.0,2371.0,2324.0,2333.0,2077.0,1876.0,1856.0,1798.0,1713.0,2436.0,2206.0,2226.0,SI
2268.0,2220.0,2768.0,2768.0,2518.0,2518.0,3220.0,2720.0,2720.0,3220.0,2098.0,2142.0,2447.0,2162.0,1987.0,2033.0,2101.0,2622.0,2639.0,2044.0,2008.0,2016.0,2453.0,2101.0,1994.0,1876.0,2357.0,2334.0,1893.0,1976.0,1978.0,2531.0,2001.0,2031.0,2501.0,2042.0,1999.0,1859.0,2161.0,2344.0,2295.0,2352.0,2348.0,2445.0,2378.0,2465.0,2171.0,2015.0,2027.0,1915.0,1871.0,2529.0,2313.0,2373.0,SI
2685.0,2697.0,3185.0,3185.0,2935.0,2935.0,3697.0,3197.0,3197.0,3697.0,2529.0,2564.0,2842.0,2573.0,2379.0,2464.0,2566.0,3133.0,3071.0,2497.0,2457.0,2478.0,2855.0,2566.0,2475.0,2322.0,2774.0,2746.0,2295.0,2388.0,2354.0,2958.0,2451.0,2458.0,2951.0,2495.0,2432.0,2333.0,2595.0,2827.0,2775.0,2794.0,2787.0,2971.0,2865.0,2915.0,2621.0,2477.0,2463.0,2274.0,2308.0,2982.0,2775.0,2824.0,SI
2449.0,2453.0,2949.0,2949.0,2699.0,2699.0,3453.0,2953.0,2953.0,3453.0,2299.0,2245.0,2605.0,2341.0,2116.0,2209.0,2305.0,2873.0,2836.0,2205.0,2106.0,2116.0,2601.0,2305.0,2253.0,2057.0,2500.0,2449.0,2042.0,2109.0,2119.0,2629.0,2114.0,2129.0,2614.0,2203.0,2149.0,1991.0,2307.0,2476.0,2407.0,2542.0,2463.0,2604.0,2502.0,2629.0,2263.0,2115.0,2087.0,1999.0,1958.0,2680.0,2475.0,2556.0,SI
2263.0,2408.0,2763.0,2763.0,2513.0,2513.0,3408.0,2908.0,2908.0,3408.0,2305.0,2283.0,2546.0,2308.0,2166.0,2258.0,2286.0,2840.0,2821.0,2277.0,2226.0,2171.0,2554.0,2286.0,2274.0,2197.0,2383.0,2446.0,2143.0,2106.0,2128.0,2716.0,2214.0,2216.0,2714.0,2275.0,2251.0,2198.0,2362.0,2618.0,2603.0,2528.0,2459.0,2714.0,2635.0,2512.0,2379.0,2170.0,2147.0,2154.0,2088.0,2623.0,2597.0,2408.0,SI
2394.0,2396.0,2894.0,2894.0,2644.0,2644.0,3396.0,2896.0,2896.0,3396.0,2318.0,2364.0,2636.0,2372.0,2195.0,2224.0,2269.0,2817.0,2848.0,2323.0,2296.0,2253.0,2674.0,2269.0,2234.0,2149.0,2562.0,2532.0,2159.0,2219.0,2215.0,2740.0,2221.0,2240.0,2721.0,2321.0,2265.0,2235.0,2342.0,2578.0,2593.0,2466.0,2455.0,2685.0,2600.0,2500.0,2401.0,2252.0,2254.0,2194.0,2144.0,2606.0,2564.0,2476.0,SI
2270.0,2366.0,2770.0,2770.0,2520.0,2520.0,3366.0,2866.0,2866.0,3366.0,2219.0,2235.0,2521.0,2243.0,2099.0,2154.0,2204.0,2814.0,2803.0,2242.0,2181.0,2144.0,2530.0,2204.0,2222.0,2114.0,2408.0,2414.0,2062.0,2069.0,2098.0,2639.0,2138.0,2139.0,2638.0,2240.0,2200.0,2138.0,2318.0,2513.0,2526.0,2449.0,2449.0,2636.0,2581.0,2471.0,2325.0,2143.0,2168.0,2057.0,2002.0,2567.0,2523.0,2399.0,SI
2384.0,2415.0,2884.0,2884.0,2634.0,2634.0,3415.0,2915.0,2915.0,3415.0,2309.0,2341.0,2603.0,2323.0,2189.0,2256.0,2266.0,2843.0,2839.0,2265.0,2262.0,2226.0,2631.0,2266.0,2226.0,2108.0,2484.0,2479.0,2152.0,2215.0,2241.0,2699.0,2176.0,2199.0,2676.0,2263.0,2216.0,2141.0,2315.0,2605.0,2618.0,2500.0,2486.0,2734.0,2668.0,2570.0,2411.0,2225.0,2210.0,2136.0,2109.0,2667.0,2585.0,2503.0,SI
2310.0,2363.0,2810.0,2810.0,2560.0,2560.0,3363.0,2863.0,2863.0,3363.0,2285.0,2344.0,2511.0,2267.0,2142.0,2241.0,2249.0,2775.0,2802.0,2267.0,2268.0,2199.0,2497.0,2249.0,2232.0,2121.0,2417.0,2368.0,2130.0,2149.0,2131.0,2679.0,2181.0,2179.0,2681.0,2265.0,2208.0,2165.0,2296.0,2610.0,2586.0,2468.0,2473.0,2690.0,2623.0,2502.0,2401.0,2198.0,2188.0,2140.0,2049.0,2635.0,2523.0,2454.0,SI
1961.0,1938.0,2461.0,2461.0,2211.0,2211.0,2938.0,2438.0,2438.0,2938.0,1823.0,1844.0,2143.0,1910.0,1685.0,1774.0,1827.0,2373.0,2366.0,1812.0,1770.0,1733.0,2152.0,1827.0,1776.0,1660.0,2043.0,2014.0,1674.0,1742.0,1757.0,2207.0,1692.0,1707.0,2192.0,1810.0,1774.0,1745.0,1870.0,2075.0,2116.0,2028.0,2004.0,2210.0,2139.0,2079.0,1935.0,1732.0,1756.0,1673.0,1668.0,2170.0,2101.0,2055.0,SI
2008.0,1952.0,2508.0,2508.0,2258.0,2258.0,2952.0,2452.0,2452.0,2952.0,1892.0,1903.0,2180.0,1905.0,1750.0,1813.0,1841.0,2411.0,2391.0,1847.0,1803.0,1835.0,2238.0,1841.0,1800.0,1716.0,2102.0,2101.0,1750.0,1791.0,1819.0,2254.0,1761.0,1754.0,2261.0,1845.0,1794.0,1757.0,1885.0,2122.0,2101.0,1992.0,1952.0,2217.0,2146.0,2046.0,1945.0,1834.0,1829.0,1713.0,1740.0,2147.0,2065.0,2092.0,SI
2014.0,2014.0,2514.0,2514.0,2264.0,2264.0,3014.0,2514.0,2514.0,3014.0,1952.0,1957.0,2238.0,1989.0,1825.0,1895.0,1904.0,2453.0,2440.0,1925.0,1893.0,1863.0,2254.0,1904.0,1833.0,1787.0,2138.0,2187.0,1793.0,1827.0,1876.0,2343.0,1833.0,1843.0,2333.0,1923.0,1881.0,1840.0,1933.0,2144.0,2183.0,2040.0,2008.0,2283.0,2216.0,2111.0,2010.0,1862.0,1873.0,1804.0,1796.0,2209.0,2157.0,2085.0,SI
2388.0,2400.0,2888.0,2888.0,2638.0,2638.0,3400.0,2900.0,2900.0,3400.0,2315.0,2343.0,2649.0,2364.0,2180.0,2242.0,2288.0,2862.0,2825.0,2318.0,2270.0,2296.0,2651.0,2288.0,2232.0,2151.0,2524.0,2523.0,2135.0,2249.0,2247.0,2713.0,2162.0,2213.0,2662.0,2316.0,2250.0,2184.0,2341.0,2599.0,2581.0,2474.0,2460.0,2698.0,2607.0,2536.0,2394.0,2295.0,2261.0,2158.0,2134.0,2635.0,2579.0,2524.0,SI
2410.0,2352.0,2910.0,2910.0,2660.0,2660.0,3352.0,2852.0,2852.0,3352.0,2273.0,2238.0,2585.0,2328.0,2204.0,2207.0,2226.0,2783.0,2770.0,2223.0,2179.0,2202.0,2592.0,2226.0,2186.0,2115.0,2491.0,2523.0,2122.0,2167.0,2204.0,2666.0,2156.0,2166.0,2656.0,2221.0,2181.0,2120.0,2269.0,2543.0,2522.0,2436.0,2385.0,2645.0,2547.0,2487.0,2370.0,2201.0,2199.0,2127.0,2116.0,2599.0,2513.0,2481.0,SI
2476.0,2508.0,2976.0,2976.0,2726.0,2726.0,3508.0,3008.0,3008.0,3508.0,2402.0,2471.0,2717.0,2426.0,2286.0,2326.0,2373.0,2932.0,2949.0,2401.0,2367.0,2328.0,2743.0,2373.0,2313.0,2255.0,2584.0,2599.0,2266.0,2321.0,2326.0,2804.0,2321.0,2304.0,2821.0,2399.0,2345.0,2290.0,2428.0,2634.0,2651.0,2580.0,2533.0,2758.0,2686.0,2628.0,2511.0,2327.0,2340.0,2256.0,2275.0,2706.0,2653.0,2566.0,SI
2329.0,2313.0,2829.0,2829.0,2579.0,2579.0,3313.0,2813.0,2813.0,3313.0,2238.0,2211.0,2524.0,2285.0,2120.0,2118.0,2215.0,2731.0,2768.0,2199.0,2155.0,2129.0,2551.0,2215.0,2161.0,2092.0,2420.0,2440.0,2092.0,2109.0,2099.0,2606.0,2129.0,2106.0,2629.0,2197.0,2132.0,2102.0,2245.0,2429.0,2402.0,2359.0,2292.0,2506.0,2435.0,2411.0,2283.0,2128.0,2143.0,2072.0,2041.0,2473.0,2435.0,2407.0,SI
2352.0,2379.0,2852.0,2852.0,2602.0,2602.0,3379.0,2879.0,2879.0,3379.0,2242.0,2250.0,2552.0,2289.0,2140.0,2180.0,2237.0,2802.0,2791.0,2251.0,2199.0,2206.0,2575.0,2237.0,2178.0,2123.0,2441.0,2480.0,2095.0,2170.0,2194.0,2656.0,2179.0,2156.0,2679.0,2249.0,2217.0,2131.0,2294.0,2485.0,2509.0,2406.0,2391.0,2605.0,2541.0,2473.0,2336.0,2205.0,2187.0,2107.0,2114.0,2542.0,2506.0,2448.0,SI
2426.0,2460.0,2926.0,2926.0,2676.0,2676.0,3460.0,2960.0,2960.0,3460.0,2359.0,2372.0,2676.0,2418.0,2247.0,2325.0,2347.0,2893.0,2870.0,2338.0,2306.0,2285.0,2659.0,2347.0,2296.0,2219.0,2569.0,2509.0,2216.0,2252.0,2247.0,2734.0,2252.0,2234.0,2752.0,2336.0,2288.0,2248.0,2413.0,2606.0,2609.0,2496.0,2494.0,2722.0,2660.0,2565.0,2429.0,2284.0,2317.0,2252.0,2154.0,2657.0,2580.0,2588.0,SI
2224.0,2251.0,2724.0,2724.0,2474.0,2474.0,3251.0,2751.0,2751.0,3251.0,2137.0,2107.0,2443.0,2172.0,2017.0,2093.0,2138.0,2650.0,2688.0,2139.0,2056.0,2077.0,2500.0,2138.0,2071.0,1974.0,2345.0,2372.0,1987.0,2026.0,2044.0,2537.0,2031.0,2037.0,2531.0,2137.0,2091.0,2015.0,2177.0,2372.0,2391.0,2304.0,2263.0,2483.0,2414.0,2329.0,2195.0,2076.0,2034.0,1961.0,1968.0,2446.0,2376.0,2306.0,SI
1677.0,1638.0,2177.0,2177.0,1927.0,1927.0,2638.0,2138.0,2138.0,2638.0,1597.0,1641.0,1886.0,1589.0,1514.0,1513.0,1549.0,2088.0,2083.0,1580.0,1562.0,1542.0,1875.0,1549.0,1494.0,1435.0,1818.0,1815.0,1459.0,1522.0,1529.0,2004.0,1449.0,1504.0,1949.0,1578.0,1524.0,1479.0,1602.0,1744.0,1727.0,1690.0,1728.0,1818.0,1784.0,1770.0,1637.0,1541.0,1555.0,1480.0,1456.0,1834.0,1719.0,1755.0,SI
1360.0,1335.0,1860.0,1860.0,1610.0,1610.0,2335.0,1835.0,1835.0,2335.0,1297.0,1336.0,1565.0,1317.0,1189.0,1224.0,1275.0,1774.0,1785.0,1264.0,1250.0,1271.0,1591.0,1275.0,1198.0,1136.0,1510.0,1515.0,1163.0,1228.0,1222.0,1715.0,1202.0,1215.0,1702.0,1262.0,1239.0,1194.0,1283.0,1440.0,1435.0,1448.0,1410.0,1526.0,1489.0,1485.0,1337.0,1270.0,1272.0,1212.0,1155.0,1537.0,1427.0,1445.0,SI
1464.0,1483.0,1964.0,1964.0,1714.0,1714.0,2483.0,1983.0,1983.0,2483.0,1417.0,1413.0,1701.0,1451.0,1330.0,1376.0,1403.0,1923.0,1919.0,1392.0,1344.0,1352.0,1671.0,1403.0,1365.0,1255.0,1620.0,1644.0,1247.0,1295.0,1266.0,1845.0,1335.0,1345.0,1835.0,1390.0,1314.0,1272.0,1417.0,1566.0,1575.0,1572.0,1567.0,1643.0,1594.0,1636.0,1441.0,1351.0,1339.0,1296.0,1228.0,1657.0,1554.0,1598.0,SI
1500.0,1430.0,2000.0,2000.0,1750.0,1750.0,2430.0,1930.0,1930.0,2430.0,1392.0,1322.0,1698.0,1436.0,1313.0,1355.0,1370.0,1894.0,1861.0,1335.0,1297.0,1320.0,1679.0,1370.0,1320.0,1249.0,1634.0,1639.0,1293.0,1314.0,1321.0,1788.0,1286.0,1288.0,1786.0,1333.0,1306.0,1233.0,1373.0,1484.0,1494.0,1465.0,1473.0,1561.0,1539.0,1526.0,1359.0,1319.0,1310.0,1293.0,1270.0,1565.0,1485.0,1548.0,SI
1359.0,1291.0,1859.0,1859.0,1609.0,1609.0,2291.0,1791.0,1791.0,2291.0,1251.0,1269.0,1564.0,1290.0,1174.0,1185.0,1226.0,1752.0,1758.0,1210.0,1189.0,1195.0,1576.0,1226.0,1163.0,1098.0,1483.0,1498.0,1119.0,1198.0,1197.0,1641.0,1160.0,1141.0,1660.0,1208.0,1186.0,1110.0,1256.0,1416.0,1375.0,1324.0,1324.0,1458.0,1399.0,1383.0,1266.0,1194.0,1204.0,1160.0,1144.0,1461.0,1368.0,1429.0,SI
1372.0,1343.0,1872.0,1872.0,1622.0,1622.0,2343.0,1843.0,1843.0,2343.0,1261.0,1296.0,1590.0,1333.0,1194.0,1225.0,1251.0,1795.0,1812.0,1265.0,1242.0,1231.0,1594.0,1251.0,1216.0,1162.0,1532.0,1522.0,1181.0,1229.0,1209.0,1680.0,1195.0,1180.0,1695.0,1263.0,1249.0,1202.0,1313.0,1418.0,1393.0,1393.0,1385.0,1463.0,1423.0,1443.0,1307.0,1230.0,1247.0,1173.0,1173.0,1455.0,1394.0,1429.0,SI
1516.0,1502.0,2016.0,2016.0,1766.0,1766.0,2502.0,2002.0,2002.0,2502.0,1398.0,1419.0,1741.0,1464.0,1338.0,1332.0,1372.0,1922.0,1929.0,1370.0,1339.0,1349.0,1731.0,1372.0,1343.0,1275.0,1672.0,1665.0,1285.0,1291.0,1288.0,1788.0,1314.0,1288.0,1814.0,1368.0,1339.0,1311.0,1422.0,1581.0,1547.0,1547.0,1506.0,1633.0,1564.0,1607.0,1434.0,1348.0,1367.0,1274.0,1262.0,1638.0,1553.0,1594.0,SI
1249.0,1257.0,1749.0,1749.0,1499.0,1499.0,2257.0,1757.0,1757.0,2257.0,1194.0,1228.0,1476.0,1234.0,1125.0,1149.0,1191.0,1727.0,1733.0,1190.0,1183.0,1186.0,1475.0,1191.0,1154.0,1104.0,1426.0,1434.0,1084.0,1151.0,1140.0,1626.0,1130.0,1126.0,1630.0,1188.0,1197.0,1144.0,1255.0,1352.0,1276.0,1315.0,1352.0,1379.0,1324.0,1408.0,1259.0,1185.0,1178.0,1121.0,1092.0,1418.0,1303.0,1329.0,SI
1111.0,1050.0,1611.0,1611.0,1361.0,1361.0,2050.0,1550.0,1550.0,2050.0,1029.0,1034.0,1329.0,1051.0,926.0,942.0,987.0,1513.0,1501.0,977.0,957.0,966.0,1315.0,987.0,953.0,866.0,1266.0,1260.0,917.0,937.0,939.0,1429.0,932.0,929.0,1432.0,975.0,945.0,872.0,1009.0,1136.0,1112.0,1088.0,1102.0,1207.0,1157.0,1155.0,1058.0,965.0,948.0,933.0,905.0,1188.0,1113.0,1154.0,SI
1229.0,1214.0,1729.0,1729.0,1479.0,1479.0,2214.0,1714.0,1714.0,2214.0,1127.0,1118.0,1437.0,1181.0,1041.0,1090.0,1115.0,1663.0,1684.0,1122.0,1082.0,1097.0,1449.0,1115.0,1088.0,1034.0,1412.0,1394.0,1030.0,1076.0,1071.0,1564.0,1066.0,1064.0,1566.0,1120.0,1088.0,1022.0,1171.0,1264.0,1249.0,1217.0,1237.0,1318.0,1279.0,1292.0,1157.0,1096.0,1068.0,1034.0,998.0,1330.0,1252.0,1273.0,SI
1242.0,1220.0,1742.0,1742.0,1492.0,1492.0,2220.0,1720.0,1720.0,2220.0,1170.0,1194.0,1469.0,1172.0,1104.0,1110.0,1129.0,1644.0,1655.0,1117.0,1102.0,1125.0,1456.0,1129.0,1105.0,1013.0,1389.0,1438.0,1037.0,1071.0,1084.0,1564.0,1069.0,1064.0,1569.0,1115.0,1098.0,1048.0,1165.0,1304.0,1235.0,1315.0,1293.0,1351.0,1276.0,1367.0,1182.0,1124.0,1126.0,1059.0,1025.0,1400.0,1266.0,1327.0,SI
1278.0,1243.0,1778.0,1778.0,1528.0,1528.0,2243.0,1743.0,1743.0,2243.0,1223.0,1194.0,1495.0,1237.0,1142.0,1180.0,1173.0,1688.0,1721.0,1181.0,1107.0,1150.0,1498.0,1173.0,1143.0,1064.0,1411.0,1437.0,1133.0,1109.0,1156.0,1618.0,1124.0,1118.0,1624.0,1179.0,1167.0,1060.0,1220.0,1332.0,1335.0,1318.0,1329.0,1409.0,1381.0,1373.0,1245.0,1149.0,1144.0,1135.0,1044.0,1403.0,1305.0,1349.0,SI
1291.0,1272.0,1791.0,1791.0,1541.0,1541.0,2272.0,1772.0,1772.0,2272.0,1215.0,1217.0,1498.0,1243.0,1144.0,1131.0,1192.0,1732.0,1732.0,1171.0,1154.0,1178.0,1540.0,1192.0,1160.0,1054.0,1439.0,1461.0,1088.0,1150.0,1132.0,1607.0,1108.0,1107.0,1608.0,1169.0,1134.0,1089.0,1219.0,1316.0,1338.0,1340.0,1280.0,1388.0,1366.0,1376.0,1216.0,1177.0,1178.0,1156.0,1113.0,1406.0,1319.0,1345.0,SI
1145.0,1113.0,1645.0,1645.0,1395.0,1395.0,2113.0,1613.0,1613.0,2113.0,1066.0,1074.0,1370.0,1113.0,991.0,1022.0,1082.0,1599.0,1572.0,1044.0,1023.0,1046.0,1367.0,1082.0,1023.0,960.0,1300.0,1292.0,943.0,1013.0,1024.0,1471.0,992.0,971.0,1492.0,1042.0,1005.0,956.0,1088.0,1216.0,1182.0,1168.0,1169.0,1290.0,1226.0,1228.0,1102.0,1045.0,1057.0,952.0,959.0,1281.0,1159.0,1217.0,SI
1171.0,1190.0,1671.0,1671.0,1421.0,1421.0,2190.0,1690.0,1690.0,2190.0,1094.0,1136.0,1405.0,1132.0,1034.0,1048.0,1076.0,1601.0,1646.0,1121.0,1084.0,1063.0,1398.0,1076.0,1052.0,1013.0,1350.0,1338.0,1016.0,1063.0,1042.0,1545.0,1042.0,1045.0,1542.0,1119.0,1088.0,1033.0,1140.0,1219.0,1188.0,1218.0,1218.0,1286.0,1227.0,1278.0,1166.0,1062.0,1078.0,1007.0,1001.0,1297.0,1224.0,1237.0,SI
955.0,917.0,1455.0,1455.0,1205.0,1205.0,1917.0,1417.0,1417.0,1917.0,863.0,866.0,1178.0,917.0,789.0,834.0,873.0,1370.0,1367.0,844.0,803.0,817.0,1181.0,873.0,804.0,713.0,1127.0,1115.0,745.0,810.0,819.0,1327.0,792.0,827.0,1292.0,842.0,790.0,727.0,856.0,949.0,950.0,892.0,930.0,1030.0,976.0,964.0,877.0,816.0,817.0,766.0,759.0,1032.0,964.0,1003.0,SI
917.0,901.0,1417.0,1417.0,1167.0,1167.0,1901.0,1401.0,1401.0,1901.0,883.0,838.0,1146.0,902.0,770.0,823.0,846.0,1356.0,1364.0,844.0,811.0,796.0,1138.0,846.0,769.0,710.0,1106.0,1096.0,752.0,776.0,786.0,1286.0,795.0,786.0,1295.0,842.0,802.0,711.0,845.0,941.0,960.0,881.0,899.0,1010.0,972.0,937.0,857.0,795.0,807.0,739.0,728.0,987.0,956.0,956.0,SI
958.0,900.0,1458.0,1458.0,1208.0,1208.0,1900.0,1400.0,1400.0,1900.0,838.0,829.0,1161.0,897.0,769.0,790.0,835.0,1354.0,1361.0,827.0,786.0,799.0,1164.0,835.0,769.0,691.0,1113.0,1099.0,725.0,789.0,806.0,1273.0,759.0,773.0,1259.0,825.0,782.0,711.0,843.0,961.0,964.0,912.0,915.0,1031.0,996.0,960.0,840.0,798.0,786.0,748.0,740.0,1018.0,965.0,990.0,SI
894.0,872.0,1394.0,1394.0,1144.0,1144.0,1872.0,1372.0,1372.0,1872.0,830.0,844.0,1114.0,869.0,746.0,788.0,838.0,1345.0,1351.0,802.0,785.0,789.0,1094.0,838.0,778.0,702.0,1064.0,1047.0,735.0,746.0,777.0,1275.0,779.0,775.0,1279.0,800.0,770.0,702.0,836.0,938.0,930.0,904.0,879.0,1017.0,960.0,943.0,858.0,788.0,778.0,725.0,683.0,998.0,967.0,955.0,SI
1092.0,1040.0,1592.0,1592.0,1342.0,1342.0,2040.0,1540.0,1540.0,2040.0,985.0,1033.0,1290.0,1046.0,906.0,951.0,975.0,1505.0,1508.0,1015.0,953.0,955.0,1291.0,975.0,939.0,877.0,1260.0,1240.0,906.0,949.0,955.0,1419.0,918.0,919.0,1418.0,1013.0,965.0,946.0,1030.0,1161.0,1100.0,1047.0,1061.0,1199.0,1134.0,1114.0,1020.0,954.0,966.0,894.0,913.0,1162.0,1155.0,1119.0,SI
1181.0,1217.0,1681.0,1681.0,1431.0,1431.0,2217.0,1717.0,1717.0,2217.0,1114.0,1088.0,1413.0,1169.0,1013.0,1060.0,1147.0,1666.0,1644.0,1135.0,1080.0,1064.0,1414.0,1147.0,1105.0,1026.0,1361.0,1385.0,1014.0,1068.0,1063.0,1569.0,1079.0,1069.0,1579.0,1133.0,1081.0,1029.0,1142.0,1253.0,1195.0,1216.0,1219.0,1300.0,1223.0,1269.0,1133.0,1063.0,1086.0,1015.0,1015.0,1315.0,1268.0,1241.0,SI
1163.0,1129.0,1663.0,1663.0,1413.0,1413.0,2129.0,1629.0,1629.0,2129.0,1082.0,1070.0,1359.0,1116.0,990.0,1037.0,1069.0,1578.0,1574.0,1055.0,1025.0,1017.0,1383.0,1069.0,1009.0,927.0,1324.0,1354.0,957.0,1005.0,1051.0,1498.0,995.0,998.0,1495.0,1053.0,1015.0,963.0,1102.0,1218.0,1195.0,1148.0,1126.0,1270.0,1228.0,1202.0,1077.0,1016.0,1029.0,963.0,970.0,1255.0,1204.0,1212.0,SI
922.0,882.0,1422.0,1422.0,1172.0,1172.0,1882.0,1382.0,1382.0,1882.0,851.0,833.0,1138.0,881.0,789.0,811.0,831.0,1337.0,1359.0,833.0,793.0,809.0,1132.0,831.0,783.0,729.0,1066.0,1085.0,783.0,797.0,828.0,1269.0,783.0,769.0,1283.0,831.0,801.0,734.0,840.0,927.0,940.0,890.0,915.0,984.0,956.0,934.0,853.0,808.0,799.0,771.0,770.0,981.0,950.0,954.0,SI
1052.0,1030.0,1552.0,1552.0,1302.0,1302.0,2030.0,1530.0,1530.0,2030.0,964.0,948.0,1289.0,1033.0,900.0,913.0,949.0,1495.0,1498.0,958.0,907.0,911.0,1268.0,949.0,918.0,844.0,1209.0,1232.0,863.0,908.0,926.0,1384.0,872.0,884.0,1372.0,956.0,919.0,834.0,984.0,1080.0,1058.0,1044.0,1032.0,1119.0,1072.0,1072.0,970.0,910.0,893.0,872.0,850.0,1123.0,1071.0,1094.0,SI
955.0,945.0,1455.0,1455.0,1205.0,1205.0,1945.0,1445.0,1445.0,1945.0,897.0,889.0,1197.0,948.0,828.0,874.0,897.0,1430.0,1410.0,872.0,835.0,844.0,1190.0,897.0,878.0,791.0,1142.0,1136.0,810.0,818.0,846.0,1347.0,847.0,847.0,1347.0,870.0,831.0,775.0,913.0,994.0,981.0,953.0,967.0,1041.0,1000.0,981.0,909.0,843.0,831.0,821.0,765.0,1031.0,1012.0,991.0,SI
1023.0,1033.0,1523.0,1523.0,1273.0,1273.0,2033.0,1533.0,1533.0,2033.0,962.0,953.0,1256.0,975.0,864.0,916.0,964.0,1490.0,1502.0,939.0,907.0,877.0,1238.0,964.0,909.0,855.0,1209.0,1173.0,890.0,876.0,900.0,1381.0,897.0,881.0,1397.0,937.0,917.0,858.0,986.0,1053.0,1060.0,1020.0,1019.0,1106.0,1106.0,1088.0,985.0,876.0,877.0,879.0,821.0,1141.0,1075.0,1070.0,SI
1050.0,1038.0,1550.0,1550.0,1300.0,1300.0,2038.0,1538.0,1538.0,2038.0,989.0,987.0,1278.0,1009.0,894.0,959.0,990.0,1506.0,1494.0,946.0,930.0,915.0,1243.0,990.0,934.0,843.0,1205.0,1225.0,880.0,910.0,923.0,1412.0,898.0,912.0,1398.0,944.0,929.0,866.0,1000.0,1074.0,1070.0,1066.0,1046.0,1139.0,1099.0,1090.0,979.0,914.0,905.0,889.0,868.0,1146.0,1092.0,1085.0,SI
1128.0,1081.0,1628.0,1628.0,1378.0,1378.0,2081.0,1581.0,1581.0,2081.0,1003.0,1006.0,1343.0,1070.0,920.0,954.0,996.0,1558.0,1519.0,1009.0,960.0,921.0,1326.0,996.0,967.0,891.0,1242.0,1247.0,886.0,937.0,977.0,1419.0,940.0,919.0,1440.0,1007.0,948.0,884.0,1014.0,1199.0,1181.0,1084.0,1140.0,1247.0,1209.0,1150.0,1049.0,920.0,914.0,863.0,867.0,1237.0,1156.0,1181.0,SI
885.0,852.0,1385.0,1385.0,1135.0,1135.0,1852.0,1352.0,1352.0,1852.0,799.0,772.0,1117.0,854.0,721.0,751.0,793.0,1328.0,1322.0,776.0,724.0,736.0,1102.0,793.0,725.0,648.0,1060.0,1051.0,669.0,729.0,746.0,1231.0,734.0,731.0,1234.0,774.0,737.0,675.0,812.0,918.0,892.0,859.0,814.0,968.0,920.0,891.0,792.0,735.0,726.0,698.0,667.0,959.0,932.0,926.0,SI
930.0,895.0,1430.0,1430.0,1180.0,1180.0,1895.0,1395.0,1395.0,1895.0,810.0,829.0,1147.0,896.0,779.0,786.0,818.0,1340.0,1361.0,834.0,786.0,791.0,1156.0,818.0,789.0,726.0,1082.0,1107.0,745.0,767.0,793.0,1283.0,780.0,783.0,1280.0,832.0,798.0,734.0,863.0,949.0,937.0,904.0,903.0,1003.0,962.0,947.0,855.0,790.0,792.0,733.0,742.0,1008.0,967.0,974.0,SI
1241.0,1194.0,1741.0,1741.0,1491.0,1491.0,2194.0,1694.0,1694.0,2194.0,1132.0,1134.0,1467.0,1188.0,1066.0,1067.0,1112.0,1620.0,1657.0,1086.0,1028.0,1046.0,1429.0,1112.0,1054.0,949.0,1405.0,1372.0,1016.0,1027.0,1052.0,1513.0,1004.0,1013.0,1504.0,1084.0,1051.0,964.0,1138.0,1299.0,1284.0,1206.0,1192.0,1380.0,1318.0,1256.0,1128.0,1045.0,1041.0,998.0,944.0,1361.0,1273.0,1278.0,SI
1105.0,1027.0,1605.0,1605.0,1355.0,1355.0,2027.0,1527.0,1527.0,2027.0,982.0,1016.0,1329.0,1044.0,902.0,927.0,958.0,1464.0,1471.0,975.0,959.0,952.0,1309.0,958.0,888.0,837.0,1241.0,1237.0,873.0,929.0,957.0,1418.0,884.0,918.0,1384.0,973.0,929.0,859.0,972.0,1091.0,1110.0,1021.0,1015.0,1204.0,1134.0,1088.0,1009.0,951.0,947.0,903.0,872.0,1154.0,1126.0,1137.0,SI
1186.0,1116.0,1686.0,1686.0,1436.0,1436.0,2116.0,1616.0,1616.0,2116.0,1062.0,1104.0,1395.0,1122.0,959.0,977.0,1036.0,1553.0,1612.0,1060.0,1025.0,1020.0,1394.0,1036.0,957.0,903.0,1313.0,1326.0,925.0,1019.0,1044.0,1470.0,962.0,970.0,1462.0,1058.0,1009.0,939.0,1099.0,1190.0,1237.0,1104.0,1123.0,1309.0,1253.0,1181.0,1092.0,1019.0,1015.0,975.0,953.0,1283.0,1230.0,1213.0,SI
1173.0,1164.0,1673.0,1673.0,1423.0,1423.0,2164.0,1664.0,1664.0,2164.0,1041.0,1099.0,1386.0,1129.0,959.0,995.0,1058.0,1583.0,1611.0,1062.0,1023.0,1041.0,1391.0,1058.0,1034.0,934.0,1309.0,1308.0,922.0,1002.0,1011.0,1484.0,965.0,984.0,1465.0,1060.0,1009.0,948.0,1115.0,1194.0,1213.0,1122.0,1139.0,1288.0,1236.0,1213.0,1096.0,1040.0,1027.0,953.0,962.0,1265.0,1225.0,1229.0,SI
1182.0,1100.0,1682.0,1682.0,1432.0,1432.0,2100.0,1600.0,1600.0,2100.0,1037.0,1067.0,1387.0,1106.0,933.0,982.0,1032.0,1547.0,1561.0,1037.0,988.0,997.0,1370.0,1032.0,948.0,903.0,1295.0,1284.0,950.0,985.0,1006.0,1454.0,932.0,954.0,1432.0,1035.0,988.0,918.0,1070.0,1170.0,1148.0,1089.0,1070.0,1271.0,1194.0,1179.0,1041.0,996.0,996.0,940.0,947.0,1244.0,1178.0,1225.0,SI
1053.0,985.0,1553.0,1553.0,1303.0,1303.0,1985.0,1485.0,1485.0,1985.0,918.0,919.0,1269.0,997.0,855.0,882.0,902.0,1415.0,1414.0,896.0,870.0,879.0,1219.0,902.0,830.0,757.0,1184.0,1194.0,808.0,882.0,894.0,1359.0,842.0,859.0,1342.0,894.0,849.0,777.0,917.0,1055.0,1048.0,919.0,953.0,1151.0,1064.0,1040.0,923.0,878.0,873.0,828.0,831.0,1112.0,1047.0,1083.0,SI
1140.0,1075.0,1640.0,1640.0,1390.0,1390.0,2075.0,1575.0,1575.0,2075.0,1021.0,999.0,1348.0,1076.0,905.0,927.0,1007.0,1527.0,1537.0,999.0,947.0,970.0,1344.0,1007.0,923.0,854.0,1269.0,1298.0,883.0,952.0,957.0,1427.0,922.0,927.0,1422.0,997.0,943.0,901.0,1024.0,1135.0,1113.0,1056.0,1053.0,1220.0,1143.0,1130.0,993.0,969.0,964.0,898.0,906.0,1191.0,1154.0,1176.0,SI
890.0,827.0,1390.0,1390.0,1140.0,1140.0,1827.0,1327.0,1327.0,1827.0,768.0,783.0,1082.0,816.0,712.0,713.0,750.0,1269.0,1268.0,774.0,739.0,742.0,1092.0,750.0,689.0,642.0,1012.0,1037.0,683.0,751.0,761.0,1180.0,694.0,680.0,1194.0,772.0,740.0,677.0,770.0,848.0,844.0,802.0,796.0,963.0,871.0,886.0,785.0,741.0,742.0,676.0,690.0,928.0,872.0,905.0,SI
998.0,938.0,1498.0,1498.0,1248.0,1248.0,1938.0,1438.0,1438.0,1938.0,870.0,947.0,1213.0,956.0,779.0,821.0,880.0,1396.0,1412.0,903.0,883.0,906.0,1211.0,880.0,818.0,776.0,1157.0,1166.0,764.0,897.0,860.0,1317.0,837.0,817.0,1337.0,901.0,846.0,816.0,912.0,990.0,991.0,917.0,953.0,1093.0,1012.0,1003.0,933.0,905.0,906.0,774.0,843.0,1047.0,1017.0,1035.0,SI
1083.0,1037.0,1583.0,1583.0,1333.0,1333.0,2037.0,1537.0,1537.0,2037.0,958.0,1006.0,1281.0,1011.0,861.0,889.0,952.0,1485.0,1505.0,973.0,895.0,938.0,1274.0,952.0,902.0,859.0,1212.0,1250.0,835.0,928.0,921.0,1353.0,878.0,853.0,1378.0,971.0,922.0,845.0,1003.0,1080.0,1093.0,999.0,1030.0,1179.0,1098.0,1095.0,971.0,937.0,941.0,848.0,869.0,1149.0,1119.0,1117.0,SI
1008.0,1001.0,1508.0,1508.0,1258.0,1258.0,2001.0,1501.0,1501.0,2001.0,910.0,948.0,1208.0,972.0,848.0,869.0,897.0,1406.0,1448.0,932.0,909.0,882.0,1183.0,897.0,847.0,813.0,1148.0,1145.0,812.0,861.0,858.0,1335.0,839.0,835.0,1339.0,930.0,909.0,865.0,957.0,1057.0,1025.0,1015.0,977.0,1143.0,1063.0,1059.0,934.0,881.0,880.0,790.0,817.0,1125.0,1081.0,1048.0,SI
1222.0,1179.0,1722.0,1722.0,1472.0,1472.0,2179.0,1679.0,1679.0,2179.0,1098.0,1133.0,1430.0,1156.0,1011.0,1051.0,1096.0,1598.0,1623.0,1091.0,1069.0,1073.0,1405.0,1096.0,1015.0,937.0,1336.0,1348.0,970.0,1052.0,1064.0,1519.0,1037.0,1019.0,1537.0,1089.0,1061.0,966.0,1109.0,1235.0,1249.0,1145.0,1192.0,1351.0,1273.0,1250.0,1124.0,1072.0,1055.0,996.0,980.0,1331.0,1248.0,1255.0,SI
958.0,924.0,1458.0,1458.0,1208.0,1208.0,1924.0,1424.0,1424.0,1924.0,861.0,890.0,1182.0,918.0,747.0,801.0,838.0,1344.0,1369.0,856.0,821.0,820.0,1159.0,838.0,768.0,719.0,1115.0,1107.0,755.0,801.0,802.0,1303.0,773.0,803.0,1273.0,854.0,816.0,772.0,881.0,972.0,950.0,893.0,883.0,1048.0,973.0,980.0,883.0,819.0,829.0,774.0,747.0,1035.0,1005.0,1000.0,SI
1148.0,1100.0,1648.0,1648.0,1398.0,1398.0,2100.0,1600.0,1600.0,2100.0,1011.0,1029.0,1371.0,1108.0,923.0,960.0,1013.0,1546.0,1550.0,1025.0,977.0,1010.0,1379.0,1013.0,957.0,885.0,1301.0,1298.0,885.0,990.0,989.0,1467.0,927.0,967.0,1427.0,1023.0,959.0,925.0,1040.0,1092.0,1119.0,1063.0,1084.0,1189.0,1139.0,1154.0,1013.0,1009.0,1019.0,910.0,954.0,1187.0,1176.0,1174.0,SI
1079.0,1049.0,1579.0,1579.0,1329.0,1329.0,2049.0,1549.0,1549.0,2049.0,996.0,985.0,1291.0,1029.0,909.0,911.0,961.0,1483.0,1497.0,976.0,950.0,957.0,1287.0,961.0,894.0,828.0,1235.0,1236.0,870.0,907.0,909.0,1395.0,891.0,895.0,1391.0,974.0,940.0,879.0,995.0,1079.0,1084.0,1024.0,1045.0,1185.0,1104.0,1106.0,987.0,956.0,934.0,890.0,875.0,1150.0,1133.0,1116.0,SI
2028.0,1960.0,2528.0,2528.0,2278.0,2278.0,2960.0,2460.0,2460.0,2960.0,1936.0,1930.0,2225.0,1963.0,1749.0,1836.0,1907.0,2415.0,2400.0,1806.0,1780.0,1772.0,2199.0,1907.0,1817.0,1639.0,2113.0,2117.0,1703.0,1765.0,1765.0,2282.0,1762.0,1782.0,2262.0,1804.0,1743.0,1616.0,1895.0,2108.0,2021.0,2171.0,2122.0,2183.0,2137.0,2252.0,2027.0,1771.0,1766.0,1724.0,1645.0,2302.0,2022.0,2186.0,SI
2424.0,2253.0,2924.0,2924.0,2674.0,2674.0,3253.0,2753.0,2753.0,3253.0,2202.0,2249.0,2591.0,2255.0,2055.0,2065.0,2185.0,2666.0,2738.0,2075.0,2067.0,2077.0,2556.0,2185.0,2119.0,1816.0,2488.0,2469.0,1978.0,2033.0,2080.0,2465.0,1961.0,1965.0,2461.0,2073.0,2059.0,1866.0,2217.0,2556.0,2523.0,2568.0,2548.0,2697.0,2619.0,2666.0,2306.0,2076.0,2047.0,1969.0,1891.0,2805.0,2400.0,2598.0,SI
2210.0,2239.0,2710.0,2710.0,2460.0,2460.0,3239.0,2739.0,2739.0,3239.0,2162.0,2264.0,2360.0,2091.0,1961.0,2085.0,2129.0,2633.0,2668.0,2082.0,2072.0,2038.0,2432.0,2129.0,2060.0,1860.0,2300.0,2292.0,1897.0,1984.0,1969.0,2459.0,1990.0,1959.0,2490.0,2080.0,2087.0,1920.0,2195.0,2540.0,2443.0,2461.0,2463.0,2666.0,2543.0,2553.0,2283.0,2037.0,2068.0,1928.0,1819.0,2668.0,2396.0,2494.0,SI
2583.0,2404.0,3083.0,3083.0,2833.0,2833.0,3404.0,2904.0,2904.0,3404.0,2393.0,2485.0,2705.0,2425.0,2263.0,2251.0,2369.0,2862.0,2847.0,2239.0,2257.0,2265.0,2673.0,2369.0,2291.0,1988.0,2635.0,2593.0,2108.0,2263.0,2182.0,2651.0,2120.0,2151.0,2620.0,2237.0,2183.0,2014.0,2362.0,2750.0,2645.0,2788.0,2807.0,2865.0,2819.0,2928.0,2509.0,2264.0,2287.0,2113.0,2051.0,3034.0,2539.0,2770.0,SI
3519.0,3481.0,4019.0,4019.0,3769.0,3769.0,4481.0,3981.0,3981.0,4481.0,3432.0,3313.0,3665.0,3426.0,3265.0,3347.0,3403.0,3926.0,3920.0,3235.0,3172.0,3185.0,3728.0,3403.0,3340.0,3067.0,3626.0,3612.0,3161.0,3157.0,3216.0,3743.0,3249.0,3243.0,3749.0,3233.0,3172.0,2999.0,3368.0,3619.0,3595.0,3645.0,3645.0,3723.0,3670.0,3712.0,3423.0,3184.0,3178.0,3162.0,3083.0,3822.0,3534.0,3700.0,SI
2323.0,2355.0,2823.0,2823.0,2573.0,2573.0,3355.0,2855.0,2855.0,3355.0,2277.0,2193.0,2534.0,2304.0,2153.0,2228.0,2291.0,2800.0,2745.0,2145.0,2091.0,2064.0,2488.0,2291.0,2205.0,2009.0,2434.0,2439.0,2083.0,2020.0,2065.0,2640.0,2163.0,2140.0,2663.0,2143.0,2091.0,1961.0,2254.0,2441.0,2424.0,2481.0,2421.0,2541.0,2523.0,2514.0,2272.0,2063.0,2077.0,2059.0,1905.0,2636.0,2429.0,2463.0,SI
3082.0,2982.0,3582.0,3582.0,3332.0,3332.0,3982.0,3482.0,3482.0,3982.0,2925.0,2842.0,3226.0,2960.0,2730.0,2808.0,2952.0,3435.0,3370.0,2673.0,2583.0,2652.0,3209.0,2952.0,2828.0,2494.0,3117.0,3101.0,2622.0,2620.0,2667.0,3184.0,2679.0,2684.0,3179.0,2671.0,2586.0,2361.0,2894.0,3180.0,3117.0,3270.0,3221.0,3312.0,3204.0,3324.0,2901.0,2651.0,2631.0,2606.0,2421.0,3471.0,3039.0,3268.0,SI
3073.0,3100.0,3573.0,3573.0,3323.0,3323.0,4100.0,3600.0,3600.0,4100.0,2910.0,3041.0,3166.0,2890.0,2697.0,2884.0,3005.0,3522.0,3441.0,2720.0,2685.0,2721.0,3196.0,3005.0,2934.0,2554.0,3068.0,3099.0,2568.0,2707.0,2707.0,3237.0,2797.0,2737.0,3297.0,2718.0,2656.0,2397.0,2940.0,3313.0,3109.0,3520.0,3551.0,3414.0,3302.0,3662.0,3070.0,2720.0,2729.0,2561.0,2522.0,3722.0,3075.0,3315.0,SI
2849.0,2823.0,3349.0,3349.0,3099.0,3099.0,3823.0,3323.0,3323.0,3823.0,2752.0,2826.0,3022.0,2711.0,2522.0,2638.0,2733.0,3252.0,3203.0,2560.0,2535.0,2593.0,3033.0,2733.0,2685.0,2327.0,2911.0,2938.0,2439.0,2529.0,2497.0,3092.0,2545.0,2592.0,3045.0,2558.0,2485.0,2317.0,2680.0,3088.0,2911.0,3285.0,3259.0,3193.0,3112.0,3375.0,2937.0,2592.0,2556.0,2444.0,2405.0,3436.0,2839.0,3129.0,SI
2647.0,2594.0,3147.0,3147.0,2897.0,2897.0,3594.0,3094.0,3094.0,3594.0,2462.0,2546.0,2782.0,2464.0,2261.0,2378.0,2532.0,3059.0,3016.0,2368.0,2279.0,2311.0,2737.0,2532.0,2437.0,2168.0,2655.0,2644.0,2194.0,2260.0,2267.0,2805.0,2308.0,2305.0,2808.0,2366.0,2319.0,2107.0,2523.0,2807.0,2768.0,2956.0,2892.0,2966.0,2935.0,3022.0,2584.0,2310.0,2296.0,2184.0,2091.0,3135.0,2673.0,2881.0,SI
2660.0,2562.0,3160.0,3160.0,2910.0,2910.0,3562.0,3062.0,3062.0,3562.0,2511.0,2641.0,2826.0,2546.0,2355.0,2419.0,2462.0,2990.0,2983.0,2344.0,2361.0,2389.0,2843.0,2462.0,2404.0,2109.0,2752.0,2712.0,2319.0,2362.0,2349.0,2758.0,2276.0,2258.0,2776.0,2342.0,2305.0,2126.0,2465.0,2925.0,2781.0,2991.0,2864.0,3044.0,2923.0,3049.0,2620.0,2388.0,2379.0,2260.0,2201.0,3203.0,2637.0,2841.0,SI
2699.0,2648.0,3199.0,3199.0,2949.0,2949.0,3648.0,3148.0,3148.0,3648.0,2551.0,2638.0,2811.0,2549.0,2352.0,2456.0,2544.0,3059.0,3067.0,2409.0,2350.0,2363.0,2860.0,2544.0,2505.0,2133.0,2707.0,2695.0,2268.0,2307.0,2264.0,2820.0,2371.0,2320.0,2871.0,2407.0,2350.0,2144.0,2566.0,2960.0,2819.0,3012.0,2968.0,3098.0,3022.0,3175.0,2679.0,2362.0,2361.0,2191.0,2118.0,3299.0,2798.0,2909.0,SI
2764.0,2640.0,3264.0,3264.0,3014.0,3014.0,3640.0,3140.0,3140.0,3640.0,2566.0,2675.0,2907.0,2629.0,2389.0,2436.0,2517.0,3046.0,3063.0,2443.0,2396.0,2428.0,2898.0,2517.0,2447.0,2164.0,2779.0,2748.0,2295.0,2345.0,2350.0,2888.0,2337.0,2388.0,2837.0,2441.0,2357.0,2130.0,2566.0,2973.0,2814.0,3023.0,2933.0,3116.0,3013.0,3100.0,2753.0,2427.0,2408.0,2231.0,2187.0,3208.0,2791.0,2965.0,SI
2605.0,2556.0,3105.0,3105.0,2855.0,2855.0,3556.0,3056.0,3056.0,3556.0,2523.0,2408.0,2759.0,2510.0,2335.0,2455.0,2489.0,2986.0,2985.0,2304.0,2234.0,2260.0,2710.0,2489.0,2419.0,2160.0,2664.0,2648.0,2236.0,2226.0,2272.0,2777.0,2275.0,2277.0,2775.0,2302.0,2265.0,2069.0,2466.0,2659.0,2635.0,2773.0,2721.0,2796.0,2726.0,2840.0,2501.0,2259.0,2264.0,2274.0,2078.0,2946.0,2585.0,2754.0,SI
2058.0,2036.0,2558.0,2558.0,2308.0,2308.0,3036.0,2536.0,2536.0,3036.0,2018.0,1947.0,2243.0,2040.0,1857.0,1974.0,1975.0,2518.0,2444.0,1877.0,1813.0,1799.0,2225.0,1975.0,1916.0,1688.0,2157.0,2139.0,1767.0,1767.0,1833.0,2311.0,1818.0,1811.0,2318.0,1875.0,1790.0,1679.0,1964.0,2131.0,2106.0,2147.0,2144.0,2233.0,2187.0,2219.0,1967.0,1798.0,1795.0,1771.0,1684.0,2320.0,2109.0,2159.0,SI
2443.0,2350.0,2943.0,2943.0,2693.0,2693.0,3350.0,2850.0,2850.0,3350.0,2233.0,2211.0,2617.0,2345.0,2072.0,2074.0,2207.0,2736.0,2742.0,2167.0,2056.0,2056.0,2616.0,2207.0,2061.0,1896.0,2463.0,2445.0,2000.0,2067.0,2103.0,2496.0,2011.0,1996.0,2511.0,2165.0,2061.0,1855.0,2226.0,2456.0,2428.0,2358.0,2274.0,2626.0,2507.0,2464.0,2216.0,2055.0,2079.0,1982.0,1890.0,2650.0,2500.0,2556.0,SI
2437.0,2344.0,2937.0,2937.0,2687.0,2687.0,3344.0,2844.0,2844.0,3344.0,2215.0,2182.0,2616.0,2374.0,2091.0,2118.0,2198.0,2748.0,2733.0,2162.0,2083.0,2095.0,2630.0,2198.0,2080.0,1975.0,2475.0,2477.0,2039.0,2085.0,2140.0,2523.0,2062.0,2023.0,2562.0,2160.0,2114.0,1975.0,2229.0,2511.0,2397.0,2376.0,2289.0,2590.0,2436.0,2481.0,2230.0,2094.0,2079.0,2025.0,1987.0,2602.0,2481.0,2548.0,SI
2685.0,2586.0,3185.0,3185.0,2935.0,2935.0,3586.0,3086.0,3086.0,3586.0,2388.0,2437.0,2837.0,2523.0,2172.0,2275.0,2385.0,2931.0,2939.0,2400.0,2294.0,2312.0,2841.0,2385.0,2267.0,2100.0,2710.0,2621.0,2171.0,2319.0,2354.0,2704.0,2235.0,2204.0,2735.0,2398.0,2270.0,2150.0,2435.0,2759.0,2705.0,2587.0,2504.0,2906.0,2780.0,2698.0,2462.0,2311.0,2313.0,2174.0,2144.0,2871.0,2763.0,2794.0,SI
2454.0,2391.0,2954.0,2954.0,2704.0,2704.0,3391.0,2891.0,2891.0,3391.0,2235.0,2234.0,2649.0,2378.0,2084.0,2180.0,2228.0,2772.0,2745.0,2205.0,2097.0,2133.0,2616.0,2228.0,2154.0,2008.0,2512.0,2509.0,2032.0,2133.0,2106.0,2582.0,2084.0,2082.0,2584.0,2203.0,2122.0,2048.0,2289.0,2502.0,2423.0,2386.0,2373.0,2658.0,2482.0,2530.0,2248.0,2132.0,2145.0,2029.0,2014.0,2660.0,2518.0,2560.0,SI
2377.0,2373.0,2877.0,2877.0,2627.0,2627.0,3373.0,2873.0,2873.0,3373.0,2231.0,2233.0,2560.0,2337.0,2076.0,2148.0,2210.0,2755.0,2773.0,2189.0,2142.0,2116.0,2575.0,2210.0,2085.0,1981.0,2447.0,2411.0,2036.0,2080.0,2105.0,2605.0,2112.0,2105.0,2612.0,2187.0,2125.0,2011.0,2273.0,2545.0,2475.0,2449.0,2398.0,2645.0,2535.0,2529.0,2307.0,2115.0,2126.0,2023.0,1965.0,2660.0,2530.0,2533.0,SI
1952.0,1831.0,2452.0,2452.0,2202.0,2202.0,2831.0,2331.0,2331.0,2831.0,1777.0,1755.0,2116.0,1846.0,1608.0,1622.0,1734.0,2235.0,2245.0,1693.0,1630.0,1647.0,2137.0,1734.0,1603.0,1460.0,2011.0,1972.0,1567.0,1637.0,1655.0,2093.0,1590.0,1593.0,2090.0,1691.0,1591.0,1478.0,1767.0,2042.0,1952.0,1914.0,1838.0,2202.0,2059.0,1992.0,1812.0,1646.0,1622.0,1538.0,1523.0,2151.0,2038.0,2063.0,SI
2467.0,2438.0,2967.0,2967.0,2717.0,2717.0,3438.0,2938.0,2938.0,3438.0,2253.0,2294.0,2621.0,2344.0,2077.0,2156.0,2229.0,2765.0,2795.0,2240.0,2139.0,2167.0,2630.0,2229.0,2120.0,1972.0,2515.0,2487.0,2014.0,2109.0,2132.0,2590.0,2127.0,2090.0,2627.0,2238.0,2152.0,1984.0,2304.0,2644.0,2513.0,2510.0,2495.0,2740.0,2601.0,2628.0,2322.0,2166.0,2142.0,2014.0,1980.0,2776.0,2626.0,2585.0,SI
2371.0,2404.0,2871.0,2871.0,2621.0,2621.0,3404.0,2904.0,2904.0,3404.0,2266.0,2286.0,2540.0,2296.0,2103.0,2181.0,2270.0,2779.0,2800.0,2234.0,2167.0,2104.0,2547.0,2270.0,2188.0,2034.0,2418.0,2414.0,2062.0,2045.0,2165.0,2610.0,2122.0,2110.0,2622.0,2232.0,2128.0,2006.0,2279.0,2541.0,2500.0,2439.0,2403.0,2689.0,2561.0,2544.0,2349.0,2103.0,2079.0,1989.0,1966.0,2658.0,2550.0,2479.0,SI
2334.0,2302.0,2834.0,2834.0,2584.0,2584.0,3302.0,2802.0,2802.0,3302.0,2220.0,2231.0,2555.0,2322.0,2073.0,2068.0,2143.0,2704.0,2678.0,2115.0,2046.0,2039.0,2521.0,2143.0,2057.0,1909.0,2426.0,2416.0,1979.0,2016.0,2030.0,2512.0,2029.0,2012.0,2529.0,2113.0,2040.0,1901.0,2170.0,2432.0,2380.0,2328.0,2287.0,2604.0,2441.0,2443.0,2211.0,2038.0,2052.0,2000.0,1845.0,2580.0,2442.0,2412.0,SI
2324.0,2317.0,2824.0,2824.0,2574.0,2574.0,3317.0,2817.0,2817.0,3317.0,2197.0,2195.0,2488.0,2278.0,2075.0,2171.0,2198.0,2722.0,2719.0,2198.0,2101.0,2149.0,2504.0,2198.0,2106.0,2028.0,2427.0,2413.0,2022.0,2104.0,2102.0,2608.0,2096.0,2108.0,2596.0,2196.0,2115.0,2052.0,2246.0,2360.0,2375.0,2321.0,2304.0,2545.0,2407.0,2420.0,2268.0,2148.0,2130.0,2014.0,2033.0,2509.0,2463.0,2461.0,SI
2792.0,2809.0,3292.0,3292.0,3042.0,3042.0,3809.0,3309.0,3309.0,3809.0,2670.0,2653.0,2965.0,2766.0,2567.0,2547.0,2644.0,3186.0,3187.0,2595.0,2509.0,2473.0,2977.0,2644.0,2544.0,2348.0,2799.0,2877.0,2432.0,2400.0,2448.0,2980.0,2481.0,2480.0,2981.0,2593.0,2521.0,2425.0,2690.0,2933.0,2902.0,2849.0,2806.0,3100.0,2977.0,2963.0,2676.0,2472.0,2489.0,2420.0,2302.0,3111.0,2966.0,2950.0,SI
3017.0,2928.0,3517.0,3517.0,3267.0,3267.0,3928.0,3428.0,3428.0,3928.0,2795.0,2787.0,3145.0,2893.0,2602.0,2675.0,2766.0,3324.0,3350.0,2745.0,2636.0,2654.0,3170.0,2766.0,2638.0,2468.0,3014.0,2966.0,2532.0,2593.0,2627.0,3065.0,2559.0,2565.0,3059.0,2743.0,2649.0,2493.0,2804.0,3190.0,3071.0,2991.0,2920.0,3351.0,3206.0,3123.0,2839.0,2653.0,2643.0,2511.0,2468.0,3317.0,3156.0,3170.0,SI
2710.0,2592.0,3210.0,3210.0,2960.0,2960.0,3592.0,3092.0,3092.0,3592.0,2495.0,2450.0,2841.0,2565.0,2283.0,2318.0,2378.0,2929.0,2989.0,2398.0,2353.0,2310.0,2860.0,2378.0,2261.0,2104.0,2712.0,2677.0,2243.0,2272.0,2309.0,2739.0,2247.0,2239.0,2747.0,2396.0,2298.0,2133.0,2476.0,2902.0,2800.0,2675.0,2616.0,3069.0,2876.0,2812.0,2564.0,2309.0,2267.0,2210.0,2113.0,3048.0,2807.0,2830.0,SI
2224.0,2161.0,2724.0,2724.0,2474.0,2474.0,3161.0,2661.0,2661.0,3161.0,2041.0,2042.0,2400.0,2151.0,1939.0,1980.0,2032.0,2586.0,2573.0,2010.0,1936.0,1955.0,2409.0,2032.0,1963.0,1825.0,2285.0,2297.0,1866.0,1939.0,1936.0,2367.0,1860.0,1867.0,2360.0,2008.0,1942.0,1823.0,2089.0,2245.0,2188.0,2151.0,2133.0,2385.0,2255.0,2274.0,2072.0,1954.0,1944.0,1856.0,1803.0,2373.0,2308.0,2300.0,SI
2037.0,1968.0,2537.0,2537.0,2287.0,2287.0,2968.0,2468.0,2468.0,2968.0,1862.0,1854.0,2216.0,1951.0,1729.0,1753.0,1811.0,2371.0,2381.0,1829.0,1807.0,1782.0,2223.0,1811.0,1741.0,1631.0,2135.0,2108.0,1677.0,1764.0,1768.0,2212.0,1720.0,1712.0,2220.0,1827.0,1788.0,1708.0,1874.0,2099.0,2048.0,2006.0,1909.0,2243.0,2098.0,2071.0,1897.0,1781.0,1780.0,1691.0,1660.0,2171.0,2106.0,2104.0,SI
1184.0,1156.0,1684.0,1684.0,1434.0,1434.0,2156.0,1656.0,1656.0,2156.0,1089.0,1099.0,1401.0,1139.0,1003.0,1035.0,1076.0,1602.0,1610.0,1079.0,1042.0,1045.0,1395.0,1076.0,1022.0,953.0,1333.0,1336.0,973.0,1026.0,1032.0,1510.0,1008.0,1010.0,1508.0,1077.0,1039.0,975.0,1110.0,1216.0,1208.0,1162.0,1161.0,1295.0,1237.0,1227.0,1110.0,1044.0,1043.0,982.0,968.0,1282.0,1228.0,1234.0,SI
1179.0,1151.0,1679.0,1679.0,1429.0,1429.0,2151.0,1651.0,1651.0,2151.0,1084.0,1094.0,1396.0,1134.0,998.0,1030.0,1071.0,1597.0,1605.0,1074.0,1037.0,1040.0,1390.0,1071.0,1017.0,949.0,1328.0,1331.0,969.0,1021.0,1028.0,1505.0,1003.0,1005.0,1503.0,1072.0,1035.0,971.0,1105.0,1211.0,1203.0,1156.0,1155.0,1290.0,1232.0,1221.0,1105.0,1039.0,1038.0,978.0,964.0,1276.0,1223.0,1229.0,SI
1174.0,1145.0,1674.0,1674.0,1424.0,1424.0,2145.0,1645.0,1645.0,2145.0,1079.0,1089.0,1391.0,1129.0,993.0,1025.0,1066.0,1591.0,1599.0,1069.0,1032.0,1035.0,1385.0,1066.0,1012.0,944.0,1324.0,1326.0,964.0,1016.0,1024.0,1500.0,998.0,1000.0,1498.0,1067.0,1030.0,966.0,1099.0,1206.0,1198.0,1150.0,1149.0,1284.0,1227.0,1215.0,1100.0,1034.0,1033.0,973.0,960.0,1270.0,1218.0,1223.0,SI
1167.0,1139.0,1667.0,1667.0,1417.0,1417.0,2139.0,1639.0,1639.0,2139.0,1072.0,1083.0,1385.0,1123.0,987.0,1019.0,1060.0,1585.0,1593.0,1063.0,1026.0,1029.0,1379.0,1060.0,1006.0,938.0,1318.0,1320.0,959.0,1011.0,1018.0,1494.0,992.0,994.0,1492.0,1061.0,1024.0,961.0,1093.0,1199.0,1191.0,1143.0,1143.0,1277.0,1220.0,1208.0,1094.0,1028.0,1027.0,968.0,954.0,1262.0,1211.0,1216.0,SI
1163.0,1133.0,1663.0,1663.0,1413.0,1413.0,2133.0,1633.0,1633.0,2133.0,1068.0,1078.0,1380.0,1118.0,983.0,1014.0,1054.0,1579.0,1588.0,1058.0,1022.0,1024.0,1374.0,1054.0,1001.0,933.0,1313.0,1315.0,955.0,1006.0,1014.0,1489.0,987.0,989.0,1487.0,1056.0,1019.0,956.0,1087.0,1194.0,1186.0,1137.0,1136.0,1272.0,1214.0,1201.0,1089.0,1023.0,1022.0,964.0,950.0,1256.0,1206.0,1211.0,SI
1156.0,1127.0,1656.0,1656.0,1406.0,1406.0,2127.0,1627.0,1627.0,2127.0,1062.0,1072.0,1374.0,1112.0,977.0,1008.0,1048.0,1573.0,1582.0,1052.0,1016.0,1019.0,1368.0,1048.0,995.0,928.0,1307.0,1310.0,949.0,1000.0,1008.0,1483.0,981.0,983.0,1481.0,1050.0,1013.0,951.0,1081.0,1188.0,1180.0,1130.0,1130.0,1265.0,1208.0,1194.0,1082.0,1018.0,1017.0,958.0,945.0,1249.0,1200.0,1204.0,SI
1151.0,1121.0,1651.0,1651.0,1401.0,1401.0,2121.0,1621.0,1621.0,2121.0,1057.0,1066.0,1369.0,1107.0,972.0,1003.0,1043.0,1567.0,1576.0,1047.0,1011.0,1014.0,1362.0,1043.0,989.0,923.0,1301.0,1304.0,944.0,995.0,1004.0,1478.0,976.0,978.0,1476.0,1045.0,1008.0,945.0,1075.0,1182.0,1175.0,1124.0,1123.0,1260.0,1202.0,1188.0,1077.0,1013.0,1011.0,954.0,940.0,1243.0,1194.0,1199.0,SI
1146.0,1116.0,1646.0,1646.0,1396.0,1396.0,2116.0,1616.0,1616.0,2116.0,1052.0,1061.0,1365.0,1103.0,968.0,998.0,1038.0,1562.0,1571.0,1042.0,1006.0,1009.0,1358.0,1038.0,984.0,918.0,1297.0,1300.0,941.0,991.0,1000.0,1474.0,971.0,974.0,1471.0,1040.0,1003.0,941.0,1070.0,1177.0,1170.0,1118.0,1117.0,1254.0,1197.0,1182.0,1072.0,1008.0,1007.0,950.0,936.0,1237.0,1189.0,1194.0,SI
1143.0,1112.0,1643.0,1643.0,1393.0,1393.0,2112.0,1612.0,1612.0,2112.0,1049.0,1058.0,1362.0,1100.0,965.0,995.0,1035.0,1559.0,1567.0,1039.0,1003.0,1006.0,1355.0,1035.0,981.0,915.0,1294.0,1297.0,938.0,988.0,997.0,1470.0,968.0,970.0,1468.0,1037.0,1000.0,938.0,1067.0,1174.0,1166.0,1114.0,1113.0,1251.0,1194.0,1177.0,1069.0,1005.0,1004.0,948.0,934.0,1233.0,1185.0,1190.0,SI
1137.0,1105.0,1637.0,1637.0,1387.0,1387.0,2105.0,1605.0,1605.0,2105.0,1042.0,1051.0,1355.0,1094.0,959.0,989.0,1028.0,1552.0,1561.0,1033.0,997.0,1000.0,1348.0,1028.0,974.0,909.0,1288.0,1291.0,932.0,982.0,991.0,1464.0,961.0,964.0,1461.0,1031.0,993.0,932.0,1060.0,1167.0,1159.0,1107.0,1106.0,1243.0,1187.0,1169.0,1062.0,999.0,997.0,942.0,928.0,1225.0,1179.0,1184.0,SI
1130.0,1098.0,1630.0,1630.0,1380.0,1380.0,2098.0,1598.0,1598.0,2098.0,1035.0,1044.0,1348.0,1087.0,952.0,982.0,1021.0,1545.0,1554.0,1026.0,990.0,994.0,1341.0,1021.0,968.0,903.0,1281.0,1285.0,926.0,976.0,985.0,1457.0,955.0,957.0,1455.0,1024.0,987.0,926.0,1053.0,1159.0,1152.0,1099.0,1098.0,1235.0,1179.0,1161.0,1055.0,993.0,991.0,935.0,922.0,1216.0,1171.0,1176.0,SI
1123.0,1091.0,1623.0,1623.0,1373.0,1373.0,2091.0,1591.0,1591.0,2091.0,1029.0,1038.0,1342.0,1080.0,946.0,975.0,1015.0,1538.0,1547.0,1020.0,984.0,987.0,1335.0,1015.0,961.0,897.0,1275.0,1278.0,920.0,970.0,979.0,1451.0,948.0,951.0,1448.0,1018.0,980.0,920.0,1046.0,1153.0,1145.0,1091.0,1091.0,1228.0,1172.0,1154.0,1048.0,986.0,985.0,930.0,916.0,1209.0,1164.0,1169.0,SI
1117.0,1084.0,1617.0,1617.0,1367.0,1367.0,2084.0,1584.0,1584.0,2084.0,1023.0,1032.0,1336.0,1074.0,940.0,969.0,1008.0,1532.0,1541.0,1014.0,978.0,982.0,1329.0,1008.0,955.0,891.0,1269.0,1273.0,914.0,964.0,974.0,1444.0,942.0,944.0,1442.0,1012.0,975.0,914.0,1040.0,1146.0,1138.0,1084.0,1083.0,1221.0,1165.0,1146.0,1042.0,981.0,979.0,924.0,911.0,1201.0,1158.0,1162.0,SI
1110.0,1077.0,1610.0,1610.0,1360.0,1360.0,2077.0,1577.0,1577.0,2077.0,1016.0,1025.0,1329.0,1067.0,934.0,963.0,1002.0,1525.0,1534.0,1008.0,972.0,975.0,1322.0,1002.0,948.0,885.0,1262.0,1266.0,908.0,958.0,968.0,1438.0,936.0,938.0,1436.0,1006.0,968.0,909.0,1033.0,1138.0,1131.0,1076.0,1076.0,1214.0,1157.0,1138.0,1035.0,974.0,973.0,918.0,905.0,1193.0,1150.0,1155.0,SI
1102.0,1070.0,1602.0,1602.0,1352.0,1352.0,2070.0,1570.0,1570.0,2070.0,1009.0,1017.0,1322.0,1060.0,927.0,956.0,994.0,1518.0,1527.0,1001.0,965.0,969.0,1315.0,994.0,941.0,879.0,1256.0,1259.0,901.0,951.0,961.0,1431.0,929.0,931.0,1429.0,999.0,962.0,902.0,1026.0,1130.0,1123.0,1068.0,1068.0,1205.0,1149.0,1130.0,1027.0,968.0,966.0,911.0,899.0,1184.0,1143.0,1147.0,SI
1095.0,1062.0,1595.0,1595.0,1345.0,1345.0,2062.0,1562.0,1562.0,2062.0,1001.0,1010.0,1314.0,1053.0,920.0,948.0,987.0,1510.0,1519.0,994.0,958.0,962.0,1307.0,987.0,934.0,872.0,1248.0,1252.0,895.0,945.0,954.0,1424.0,922.0,924.0,1422.0,992.0,955.0,896.0,1019.0,1122.0,1115.0,1059.0,1059.0,1197.0,1141.0,1121.0,1020.0,961.0,959.0,905.0,893.0,1175.0,1135.0,1138.0,SI
1087.0,1054.0,1587.0,1587.0,1337.0,1337.0,2054.0,1554.0,1554.0,2054.0,993.0,1002.0,1307.0,1045.0,913.0,941.0,979.0,1503.0,1511.0,986.0,951.0,955.0,1300.0,979.0,926.0,865.0,1241.0,1245.0,888.0,938.0,947.0,1417.0,915.0,917.0,1415.0,984.0,948.0,889.0,1011.0,1114.0,1107.0,1050.0,1051.0,1188.0,1132.0,1113.0,1012.0,954.0,952.0,898.0,886.0,1166.0,1127.0,1130.0,SI
1079.0,1047.0,1579.0,1579.0,1329.0,1329.0,2047.0,1547.0,1547.0,2047.0,986.0,995.0,1299.0,1037.0,905.0,933.0,972.0,1495.0,1504.0,979.0,944.0,947.0,1292.0,972.0,919.0,858.0,1234.0,1237.0,880.0,931.0,940.0,1410.0,908.0,910.0,1408.0,977.0,940.0,882.0,1004.0,1105.0,1098.0,1042.0,1042.0,1179.0,1123.0,1104.0,1004.0,946.0,945.0,891.0,879.0,1157.0,1118.0,1122.0,SI
1072.0,1039.0,1572.0,1572.0,1322.0,1322.0,2039.0,1539.0,1539.0,2039.0,978.0,987.0,1292.0,1030.0,898.0,926.0,964.0,1487.0,1496.0,972.0,936.0,940.0,1284.0,964.0,911.0,851.0,1226.0,1230.0,873.0,923.0,933.0,1403.0,900.0,903.0,1400.0,970.0,933.0,876.0,996.0,1096.0,1090.0,1033.0,1034.0,1170.0,1114.0,1095.0,996.0,939.0,938.0,884.0,872.0,1148.0,1110.0,1114.0,SI
1064.0,1030.0,1564.0,1564.0,1314.0,1314.0,2030.0,1530.0,1530.0,2030.0,970.0,979.0,1284.0,1022.0,890.0,918.0,956.0,1479.0,1488.0,964.0,929.0,933.0,1276.0,956.0,903.0,844.0,1219.0,1222.0,866.0,916.0,925.0,1395.0,893.0,895.0,1393.0,962.0,926.0,869.0,988.0,1087.0,1081.0,1024.0,1025.0,1161.0,1106.0,1086.0,987.0,932.0,930.0,877.0,866.0,1139.0,1101.0,1105.0,SI
1055.0,1022.0,1555.0,1555.0,1305.0,1305.0,2022.0,1522.0,1522.0,2022.0,962.0,971.0,1276.0,1014.0,883.0,910.0,948.0,1471.0,1480.0,956.0,922.0,925.0,1268.0,948.0,895.0,837.0,1211.0,1215.0,859.0,909.0,918.0,1388.0,885.0,888.0,1385.0,954.0,918.0,862.0,980.0,1078.0,1073.0,1015.0,1016.0,1151.0,1096.0,1077.0,979.0,924.0,923.0,869.0,859.0,1129.0,1093.0,1097.0,SI
1049.0,1016.0,1549.0,1549.0,1299.0,1299.0,2016.0,1516.0,1516.0,2016.0,956.0,965.0,1270.0,1008.0,877.0,904.0,942.0,1465.0,1474.0,951.0,916.0,920.0,1262.0,942.0,889.0,831.0,1205.0,1209.0,853.0,903.0,912.0,1382.0,880.0,882.0,1380.0,949.0,912.0,856.0,974.0,1071.0,1066.0,1008.0,1009.0,1144.0,1089.0,1070.0,972.0,919.0,917.0,864.0,853.0,1122.0,1086.0,1090.0,SI
1043.0,1009.0,1543.0,1543.0,1293.0,1293.0,2009.0,1509.0,1509.0,2009.0,950.0,958.0,1263.0,1002.0,871.0,898.0,936.0,1458.0,1468.0,944.0,909.0,913.0,1255.0,936.0,883.0,825.0,1199.0,1203.0,847.0,897.0,906.0,1376.0,874.0,876.0,1374.0,942.0,906.0,849.0,967.0,1064.0,1058.0,1001.0,1003.0,1137.0,1082.0,1063.0,966.0,912.0,911.0,858.0,847.0,1115.0,1079.0,1083.0,SI
1036.0,1002.0,1536.0,1536.0,1286.0,1286.0,2002.0,1502.0,1502.0,2002.0,942.0,951.0,1257.0,994.0,865.0,891.0,929.0,1451.0,1461.0,937.0,902.0,906.0,1248.0,929.0,876.0,818.0,1192.0,1196.0,840.0,890.0,899.0,1369.0,867.0,869.0,1367.0,935.0,899.0,842.0,961.0,1056.0,1050.0,994.0,996.0,1128.0,1074.0,1056.0,958.0,905.0,904.0,851.0,840.0,1107.0,1071.0,1076.0,SI
1027.0,993.0,1527.0,1527.0,1277.0,1277.0,1993.0,1493.0,1493.0,1993.0,934.0,943.0,1248.0,986.0,856.0,882.0,920.0,1442.0,1452.0,929.0,895.0,899.0,1239.0,920.0,868.0,811.0,1184.0,1188.0,832.0,882.0,891.0,1361.0,859.0,861.0,1359.0,927.0,891.0,835.0,952.0,1047.0,1041.0,984.0,986.0,1119.0,1064.0,1046.0,949.0,898.0,896.0,843.0,833.0,1097.0,1062.0,1066.0,SI
1018.0,984.0,1518.0,1518.0,1268.0,1268.0,1984.0,1484.0,1484.0,1984.0,925.0,934.0,1239.0,977.0,848.0,874.0,912.0,1434.0,1444.0,921.0,886.0,891.0,1231.0,912.0,859.0,803.0,1176.0,1179.0,824.0,874.0,883.0,1353.0,851.0,853.0,1351.0,919.0,883.0,828.0,944.0,1037.0,1032.0,974.0,977.0,1109.0,1054.0,1036.0,940.0,890.0,888.0,835.0,825.0,1087.0,1053.0,1057.0,SI
1009.0,975.0,1509.0,1509.0,1259.0,1259.0,1975.0,1475.0,1475.0,1975.0,916.0,925.0,1231.0,969.0,840.0,865.0,903.0,1425.0,1435.0,913.0,879.0,883.0,1222.0,903.0,851.0,796.0,1167.0,1171.0,816.0,867.0,875.0,1345.0,843.0,845.0,1343.0,911.0,876.0,821.0,935.0,1027.0,1022.0,964.0,967.0,1098.0,1045.0,1026.0,931.0,882.0,880.0,828.0,818.0,1076.0,1044.0,1047.0,SI
1000.0,966.0,1500.0,1500.0,1250.0,1250.0,1966.0,1466.0,1466.0,1966.0,908.0,916.0,1222.0,960.0,832.0,857.0,894.0,1416.0,1426.0,905.0,870.0,874.0,1213.0,894.0,842.0,788.0,1158.0,1163.0,808.0,858.0,867.0,1337.0,834.0,837.0,1334.0,903.0,867.0,813.0,926.0,1018.0,1013.0,954.0,957.0,1088.0,1035.0,1016.0,922.0,873.0,872.0,820.0,811.0,1066.0,1034.0,1038.0,SI
990.0,957.0,1490.0,1490.0,1240.0,1240.0,1957.0,1457.0,1457.0,1957.0,899.0,907.0,1213.0,951.0,823.0,848.0,885.0,1407.0,1417.0,896.0,862.0,866.0,1204.0,885.0,833.0,780.0,1150.0,1154.0,800.0,850.0,859.0,1328.0,826.0,828.0,1326.0,894.0,859.0,805.0,917.0,1007.0,1003.0,944.0,947.0,1078.0,1025.0,1006.0,913.0,865.0,863.0,812.0,803.0,1055.0,1025.0,1028.0,SI
981.0,948.0,1481.0,1481.0,1231.0,1231.0,1948.0,1448.0,1448.0,1948.0,889.0,898.0,1204.0,942.0,814.0,839.0,876.0,1398.0,1408.0,888.0,854.0,858.0,1195.0,876.0,824.0,773.0,1141.0,1145.0,792.0,842.0,851.0,1320.0,818.0,820.0,1318.0,886.0,851.0,798.0,908.0,997.0,993.0,933.0,937.0,1067.0,1014.0,995.0,904.0,857.0,855.0,804.0,795.0,1044.0,1015.0,1017.0,SI
972.0,938.0,1472.0,1472.0,1222.0,1222.0,1938.0,1438.0,1438.0,1938.0,880.0,889.0,1195.0,933.0,806.0,830.0,867.0,1389.0,1399.0,879.0,846.0,849.0,1185.0,867.0,815.0,764.0,1132.0,1136.0,783.0,834.0,842.0,1311.0,809.0,811.0,1309.0,877.0,843.0,790.0,899.0,987.0,984.0,923.0,927.0,1057.0,1004.0,985.0,894.0,848.0,847.0,796.0,787.0,1034.0,1006.0,1008.0,SI
967.0,934.0,1467.0,1467.0,1217.0,1217.0,1934.0,1434.0,1434.0,1934.0,875.0,884.0,1190.0,928.0,801.0,826.0,862.0,1384.0,1395.0,874.0,840.0,844.0,1181.0,862.0,811.0,760.0,1127.0,1132.0,779.0,829.0,837.0,1307.0,805.0,807.0,1305.0,872.0,838.0,785.0,894.0,982.0,979.0,918.0,922.0,1052.0,999.0,980.0,889.0,843.0,842.0,791.0,782.0,1029.0,1001.0,1003.0,SI
968.0,934.0,1468.0,1468.0,1218.0,1218.0,1934.0,1434.0,1434.0,1934.0,875.0,883.0,1191.0,929.0,801.0,826.0,862.0,1385.0,1395.0,874.0,840.0,843.0,1181.0,862.0,811.0,759.0,1128.0,1132.0,779.0,828.0,837.0,1306.0,805.0,806.0,1305.0,872.0,837.0,784.0,895.0,982.0,978.0,917.0,921.0,1052.0,999.0,980.0,889.0,842.0,841.0,790.0,782.0,1029.0,1001.0,1003.0,SI
967.0,932.0,1467.0,1467.0,1217.0,1217.0,1932.0,1432.0,1432.0,1932.0,873.0,881.0,1189.0,927.0,798.0,823.0,860.0,1382.0,1393.0,872.0,838.0,841.0,1180.0,860.0,809.0,757.0,1126.0,1130.0,777.0,827.0,836.0,1303.0,802.0,803.0,1302.0,870.0,835.0,782.0,893.0,980.0,976.0,914.0,918.0,1050.0,996.0,977.0,886.0,840.0,839.0,787.0,780.0,1026.0,999.0,1001.0,SI
965.0,931.0,1465.0,1465.0,1215.0,1215.0,1931.0,1431.0,1431.0,1931.0,871.0,881.0,1187.0,925.0,796.0,821.0,858.0,1381.0,1392.0,870.0,836.0,839.0,1178.0,858.0,807.0,755.0,1124.0,1128.0,774.0,825.0,834.0,1301.0,800.0,801.0,1300.0,868.0,834.0,780.0,892.0,980.0,974.0,913.0,916.0,1050.0,995.0,976.0,886.0,838.0,837.0,785.0,778.0,1026.0,998.0,1000.0,SI
966.0,932.0,1466.0,1466.0,1216.0,1216.0,1932.0,1432.0,1432.0,1932.0,872.0,882.0,1188.0,927.0,797.0,822.0,860.0,1382.0,1393.0,872.0,837.0,840.0,1179.0,860.0,808.0,755.0,1125.0,1129.0,775.0,825.0,835.0,1303.0,801.0,803.0,1301.0,870.0,835.0,781.0,893.0,980.0,976.0,915.0,918.0,1052.0,996.0,977.0,887.0,839.0,838.0,785.0,778.0,1028.0,1000.0,1000.0,SI
966.0,933.0,1466.0,1466.0,1216.0,1216.0,1933.0,1433.0,1433.0,1933.0,873.0,882.0,1189.0,927.0,797.0,822.0,860.0,1382.0,1393.0,872.0,837.0,840.0,1179.0,860.0,808.0,754.0,1126.0,1129.0,775.0,825.0,835.0,1303.0,801.0,803.0,1301.0,870.0,834.0,779.0,893.0,981.0,976.0,915.0,918.0,1053.0,998.0,978.0,887.0,839.0,837.0,785.0,777.0,1030.0,1001.0,1001.0,SI
964.0,930.0,1464.0,1464.0,1214.0,1214.0,1930.0,1430.0,1430.0,1930.0,871.0,880.0,1186.0,925.0,794.0,820.0,859.0,1380.0,1391.0,870.0,834.0,838.0,1177.0,859.0,806.0,752.0,1123.0,1127.0,772.0,823.0,834.0,1301.0,799.0,801.0,1299.0,868.0,832.0,776.0,891.0,979.0,974.0,912.0,916.0,1052.0,996.0,976.0,885.0,837.0,835.0,783.0,775.0,1028.0,999.0,999.0,SI
968.0,933.0,1468.0,1468.0,1218.0,1218.0,1933.0,1433.0,1433.0,1933.0,873.0,882.0,1190.0,928.0,796.0,822.0,861.0,1382.0,1393.0,872.0,835.0,839.0,1180.0,861.0,807.0,752.0,1126.0,1129.0,774.0,824.0,836.0,1303.0,800.0,803.0,1300.0,870.0,832.0,776.0,892.0,981.0,978.0,914.0,917.0,1056.0,999.0,977.0,887.0,838.0,836.0,784.0,776.0,1031.0,1003.0,1003.0,SI
976.0,941.0,1476.0,1476.0,1226.0,1226.0,1941.0,1441.0,1441.0,1941.0,880.0,889.0,1197.0,935.0,803.0,830.0,868.0,1389.0,1401.0,879.0,842.0,846.0,1187.0,868.0,814.0,759.0,1133.0,1136.0,780.0,831.0,843.0,1309.0,807.0,809.0,1307.0,877.0,839.0,783.0,900.0,989.0,986.0,922.0,924.0,1064.0,1007.0,985.0,893.0,845.0,843.0,790.0,782.0,1040.0,1011.0,1011.0,SI
980.0,945.0,1480.0,1480.0,1230.0,1230.0,1945.0,1445.0,1445.0,1945.0,885.0,894.0,1201.0,940.0,807.0,834.0,873.0,1393.0,1404.0,883.0,846.0,849.0,1191.0,873.0,818.0,761.0,1136.0,1140.0,784.0,835.0,847.0,1313.0,810.0,813.0,1310.0,881.0,843.0,786.0,903.0,994.0,991.0,927.0,929.0,1070.0,1013.0,990.0,898.0,848.0,847.0,793.0,786.0,1046.0,1017.0,1016.0,SI
985.0,949.0,1485.0,1485.0,1235.0,1235.0,1949.0,1449.0,1449.0,1949.0,888.0,897.0,1205.0,945.0,809.0,837.0,877.0,1398.0,1408.0,887.0,849.0,852.0,1196.0,877.0,821.0,764.0,1140.0,1143.0,787.0,839.0,851.0,1317.0,814.0,817.0,1314.0,885.0,846.0,789.0,907.0,999.0,996.0,930.0,932.0,1076.0,1018.0,993.0,902.0,851.0,850.0,796.0,789.0,1050.0,1022.0,1020.0,SI
989.0,953.0,1489.0,1489.0,1239.0,1239.0,1953.0,1453.0,1453.0,1953.0,891.0,900.0,1209.0,948.0,811.0,839.0,881.0,1401.0,1411.0,890.0,853.0,855.0,1199.0,881.0,824.0,766.0,1144.0,1146.0,788.0,842.0,853.0,1319.0,816.0,819.0,1316.0,888.0,848.0,791.0,910.0,1003.0,999.0,933.0,934.0,1080.0,1021.0,997.0,904.0,854.0,853.0,797.0,792.0,1055.0,1026.0,1024.0,SI
993.0,956.0,1493.0,1493.0,1243.0,1243.0,1956.0,1456.0,1456.0,1956.0,894.0,903.0,1213.0,952.0,813.0,842.0,884.0,1404.0,1414.0,893.0,855.0,857.0,1201.0,884.0,826.0,768.0,1147.0,1148.0,791.0,844.0,856.0,1322.0,819.0,822.0,1319.0,891.0,851.0,793.0,913.0,1007.0,1002.0,935.0,938.0,1085.0,1025.0,1000.0,908.0,856.0,854.0,798.0,793.0,1059.0,1030.0,1028.0,SI
1001.0,964.0,1501.0,1501.0,1251.0,1251.0,1964.0,1464.0,1464.0,1964.0,901.0,910.0,1220.0,959.0,819.0,849.0,890.0,1410.0,1422.0,900.0,862.0,862.0,1209.0,890.0,832.0,773.0,1154.0,1156.0,797.0,850.0,863.0,1329.0,825.0,829.0,1325.0,898.0,858.0,798.0,920.0,1014.0,1010.0,942.0,945.0,1093.0,1033.0,1008.0,915.0,861.0,860.0,805.0,799.0,1068.0,1039.0,1037.0,SI
1009.0,970.0,1509.0,1509.0,1259.0,1259.0,1970.0,1470.0,1470.0,1970.0,907.0,916.0,1227.0,966.0,825.0,855.0,897.0,1417.0,1427.0,905.0,867.0,868.0,1216.0,897.0,838.0,777.0,1161.0,1162.0,802.0,855.0,869.0,1334.0,830.0,834.0,1330.0,903.0,862.0,802.0,926.0,1022.0,1018.0,949.0,950.0,1101.0,1041.0,1014.0,920.0,867.0,865.0,810.0,803.0,1076.0,1047.0,1044.0,SI
1024.0,985.0,1524.0,1524.0,1274.0,1274.0,1985.0,1485.0,1485.0,1985.0,922.0,931.0,1242.0,981.0,838.0,868.0,911.0,1432.0,1442.0,919.0,881.0,882.0,1230.0,911.0,851.0,791.0,1174.0,1177.0,816.0,869.0,882.0,1346.0,844.0,846.0,1344.0,917.0,877.0,816.0,941.0,1039.0,1034.0,966.0,966.0,1119.0,1058.0,1031.0,935.0,881.0,878.0,823.0,816.0,1093.0,1063.0,1060.0,SI
1042.0,1002.0,1542.0,1542.0,1292.0,1292.0,2002.0,1502.0,1502.0,2002.0,936.0,948.0,1258.0,997.0,853.0,883.0,926.0,1447.0,1458.0,934.0,895.0,897.0,1246.0,926.0,867.0,805.0,1190.0,1192.0,830.0,884.0,898.0,1361.0,858.0,861.0,1358.0,932.0,891.0,831.0,958.0,1058.0,1051.0,984.0,983.0,1138.0,1076.0,1050.0,951.0,896.0,893.0,838.0,830.0,1113.0,1081.0,1079.0,SI
1058.0,1019.0,1558.0,1558.0,1308.0,1308.0,2019.0,1519.0,1519.0,2019.0,953.0,965.0,1275.0,1014.0,869.0,899.0,943.0,1464.0,1475.0,951.0,912.0,913.0,1263.0,943.0,884.0,821.0,1205.0,1208.0,847.0,900.0,913.0,1376.0,874.0,876.0,1374.0,949.0,908.0,847.0,975.0,1076.0,1069.0,1002.0,1001.0,1157.0,1094.0,1069.0,969.0,912.0,909.0,853.0,845.0,1133.0,1100.0,1097.0,SI
1079.0,1039.0,1579.0,1579.0,1329.0,1329.0,2039.0,1539.0,1539.0,2039.0,972.0,984.0,1295.0,1033.0,887.0,917.0,960.0,1482.0,1493.0,969.0,929.0,930.0,1283.0,960.0,901.0,838.0,1224.0,1228.0,863.0,918.0,931.0,1393.0,890.0,893.0,1390.0,967.0,925.0,864.0,994.0,1097.0,1088.0,1021.0,1021.0,1178.0,1114.0,1090.0,988.0,929.0,927.0,870.0,863.0,1154.0,1119.0,1118.0,SI
246,217,150,208,161,166,6,120,119,47,201,204,190,297,133,86,152,113,30,110,9,149,61,170,225,208,35,175,132,86,270,91,24,261,114,95,126,141,70,124,83,84,240,35,75,54,91,82,96,79,192,248,109,298,NO
184,41,15,221,294,26,64,227,72,114,21,127,258,190,34,244,139,108,11,55,150,3,175,294,147,117,63,198,157,164,186,98,45,275,192,246,48,115,43,35,67,108,150,224,36,31,250,173,46,257,104,182,246,25,NO
218,279,62,258,173,64,93,148,257,29,271,285,235,127,6,185,171,210,127,136,61,187,267,167,76,111,267,164,273,15,64,181,262,132,20,114,229,84,86,193,34,102,236,142,183,34,13,61,173,203,107,10,139,34,NO
251,53,29,48,142,144,233,9,217,201,6,271,134,183,116,277,184,204,181,206,278,104,256,213,65,269,82,2,83,212,294,292,220,102,59,133,205,256,119,274,72,207,211,219,110,262,31,259,257,271,63,118,215,185,NO
105,266,97,46,21,268,54,58,53,259,85,100,17,163,155,203,254,74,274,11,183,134,133,75,109,143,173,81,74,280,243,24,187,24,2,254,7,295,242,163,236,84,205,23,21,295,21,133,199,71,56,204,31,94,NO
28,293,196,50,241,103,209,273,277,84,54,287,185,32,148,219,104,80,41,162,271,116,189,79,139,166,175,210,287,76,242,293,80,264,157,193,25,40,4,227,219,90,226,272,288,183,296,294,241,296,181,69,101,166,NO
50,217,115,225,202,130,268,42,256,178,35,60,35,249,272,45,176,124,224,140,71,205,102,33,1,295,100,155,23,20,204,175,141,191,152,274,188,287,84,243,120,268,52,167,248,261,223,279,193,282,248,35,300,133,NO
199,240,98,105,242,143,155,97,152,237,64,126,43,71,121,154,32,253,179,255,195,22,256,259,54,260,132,274,187,279,107,242,100,112,283,18,71,44,89,167,182,5,76,196,86,159,255,266,159,232,210,290,62,86,NO
201,128,123,6,155,219,127,260,240,184,90,112,5,154,3,149,37,105,100,109,241,115,182,252,66,40,17,277,280,203,280,165,186,64,148,35,266,150,59,213,30,239,14,148,38,239,257,186,259,123,174,240,240,160,NO
43,25,119,194,34,21,144,91,74,239,236,244,203,253,110,126,261,218,238,54,69,293,256,210,70,62,254,279,97,120,156,299,274,138,205,192,56,14,70,24,123,122,240,105,298,274,186,52,127,53,11,75,202,29,NO
276,142,109,54,116,112,203,294,170,198,105,120,15,73,107,161,68,37,247,31,70,240,250,17,291,7,122,288,251,48,150,116,241,213,164,69,250,25,251,157,210,287,89,194,61,217,157,126,227,2,211,77,11,11,NO
3,134,179,264,124,247,95,295,158,27,272,17,146,86,159,159,53,92,120,92,188,197,296,53,227,272,70,46,88,25,208,213,275,10,134,246,232,33,130,91,179,67,228,278,148,46,143,152,286,39,27,199,266,151,NO
267,295,78,9,130,138,247,299,160,133,154,77,269,211,85,184,142,101,140,227,267,201,43,244,116,58,159,99,133,300,51,68,140,276,206,100,107,282,171,36,218,248,282,188,29,17,195,228,36,95,33,112,278,36,NO
139,244,61,115,110,31,199,44,133,232,277,66,238,164,19,194,260,292,136,260,24,136,1,22,221,15,236,108,88,54,276,207,166,19,88,255,49,260,171,263,155,37,181,185,85,264,280,269,205,222,49,174,102,216,NO
125,1,228,188,183,33,242,107,49,68,81,16,147,260,81,45,53,155,257,251,106,292,45,140,138,29,174,185,1,152,228,274,170,92,148,81,98,153,215,107,125,182,267,203,269,260,205,51,33,200,121,140,227,154,NO
4,20,81,91,207,116,12,123,34,229,254,102,266,162,261,68,143,220,32,17,79,221,18,178,277,274,35,27,267,230,12,85,73,8,274,12,242,223,193,92,225,107,233,100,220,251,136,42,91,285,174,252,2,185,NO
256,286,3,75,226,140,275,202,293,219,25,159,283,99,105,98,102,211,77,161,151,209,74,282,87,296,204,93,8,112,32,274,31,22,184,151,162,81,295,41,247,119,69,30,128,119,143,108,194,81,61,15,281,76,NO
63,288,80,211,55,200,120,18,10,231,181,133,274,33,46,86,158,85,83,222,218,208,35,42,94,179,224,39,43,55,142,231,86,212,27,11,261,54,101,63,285,207,169,10,14,261,135,75,150,116,170,223,73,238,NO
243,210,173,116,141,54,48,219,242,235,223,143,79,172,112,45,66,39,246,100,230,108,190,291,140,189,229,272,115,160,25,247,111,17,236,278,38,119,44,51,128,273,121,69,220,88,264,24,279,23,153,235,20,176,NO
4,136,255,138,214,199,124,199,294,24,182,162,194,99,241,97,253,288,240,233,189,58,268,170,38,283,105,87,209,172,212,252,156,72,118,217,111,169,1,191,165,161,246,271,189,112,115,211,14,282,79,220,159,36,NO
156,248,203,191,75,185,160,3,112,201,50,147,119,62,146,276,177,33,295,23,189,264,45,96,81,52,88,166,24,244,220,86,12,262,10,22,253,161,140,264,24,17,75,299,264,247,188,260,264,20,4,239,218,70,NO
198,13,249,34,139,166,97,166,72,167,105,80,122,35,210,183,120,169,43,172,186,266,232,245,157,89,66,108,108,86,278,118,116,37,166,235,297,54,79,138,103,84,86,112,206,274,68,73,203,243,110,14,181,9,NO
67,17,95,137,36,246,251,164,297,192,278,133,225,120,215,133,129,69,251,234,168,59,154,156,253,9,84,20,137,227,190,277,288,162,242,283,121,63,29,27,150,10,265,36,144,82,298,202,10,196,211,168,270,152,NO
31,20,152,90,136,94,59,169,48,11,113,114,138,254,78,193,146,140,207,220,74,137,82,244,190,262,221,263,228,237,217,111,194,159,238,14,13,84,9,221,204,160,195,18,31,258,261,31,300,94,271,163,280,190,NO
159,164,268,208,265,57,86,20,289,176,210,42,151,72,286,296,283,110,185,135,82,129,101,43,194,272,167,36,99,78,49,240,93,227,82,264,5,109,153,103,130,68,27,236,261,56,144,283,22,172,161,169,122,161,NO
278,109,152,2,161,239,291,276,268,1,92,153,127,111,206,1,206,174,57,175,111,77,266,129,86,267,166,129,142,124,87,201,71,144,71,218,113,203,258,99,189,50,167,210,189,136,172,168,257,215,28,129,1,24,NO
65,147,250,133,218,186,25,258,118,196,105,263,178,15,108,203,99,190,117,107,248,92,70,84,246,261,240,244,270,12,218,94,240,256,40,175,86,292,126,132,223,275,78,103,261,258,58,99,122,113,244,42,215,106,NO
189,242,92,58,134,164,28,75,212,141,200,136,182,24,116,173,81,151,186,244,170,235,253,295,223,2,70,26,261,117,120,150,150,72,150,16,203,220,112,76,89,207,139,84,142,269,181,155,13,50,259,38,86,265,NO
63,50,117,67,261,209,281,297,21,124,21,66,82,191,232,268,297,114,22,151,293,92,12,213,29,82,65,129,173,70,32,163,78,185,286,26,151,157,100,189,39,70,121,20,120,45,255,148,246,149,236,96,224,24,NO
170,31,198,97,185,26,210,11,185,275,162,275,247,20,110,43,195,293,89,7,183,300,254,81,286,1,96,21,102,268,11,160,193,89,14,270,130,58,115,266,140,12,174,114,171,193,58,210,58,122,292,167,236,150,NO
200,298,128,70,137,167,293,251,292,246,28,76,106,272,89,177,194,142,274,203,13,283,104,148,3,22,298,183,83,214,162,234,3,167,150,108,145,52,6,22,210,50,24,226,72,187,89,162,228,125,39,119,251,175,NO
132,153,239,59,203,32,192,35,47,177,245,3,209,70,141,37,208,20,81,35,242,150,102,44,24,171,261,60,43,31,16,42,9,266,7,244,14,16,1,265,70,293,285,92,71,60,61,212,264,143,188,300,155,258,NO
1,67,95,134,129,140,250,92,113,220,106,117,219,76,192,175,292,230,147,129,227,253,217,285,118,214,84,92,47,287,158,113,22,153,12,239,279,34,19,73,84,148,207,283,207,98,159,70,44,285,35,217,19,125,NO
219,62,92,165,18,258,44,179,234,199,114,73,237,200,145,7,207,189,117,152,187,138,96,42,201,54,166,164,162,92,142,164,260,266,108,63,228,160,208,207,295,17,198,5,99,80,193,134,108,266,150,132,24,76,NO
261,227,248,113,171,134,130,188,49,127,34,69,164,294,129,42,177,91,45,132,70,193,2,234,246,58,219,133,171,150,74,291,147,119,265,261,162,56,232,208,111,297,200,188,102,30,45,246,134,90,243,44,294,114,NO
101,277,162,150,79,173,217,184,273,251,178,153,157,283,195,120,194,172,94,198,131,86,49,251,285,87,175,43,259,229,143,182,161,297,84,264,288,170,38,50,4,57,146,185,85,159,151,207,43,87,163,122,268,141,NO
232,249,104,111,221,203,158,149,293,173,149,92,252,274,133,84,193,104,161,175,31,52,44,176,44,198,289,267,146,180,140,197,278,33,136,207,86,214,164,227,76,231,208,27,148,165,251,225,86,206,51,133,140,53,NO
25,293,133,100,64,279,218,65,160,196,116,187,237,41,171,134,3,25,218,199,237,231,106,30,171,168,95,208,242,169,216,217,123,120,82,46,119,267,3,2,168,53,237,168,158,89,51,1,70,201,94,220,64,186,NO
112,228,251,65,71,228,26,286,87,144,142,48,95,88,77,179,127,93,103,268,63,189,198,6,291,120,225,168,16,105,138,203,134,118,154,21,254,266,196,65,251,18,240,139,179,128,37,142,275,93,155,129,20,39,NO
209,98,146,97,42,225,77,128,77,19,163,18,213,70,36,74,240,152,188,140,107,60,163,277,83,18,76,15,6,77,182,124,130,24,223,46,230,46,184,296,174,294,46,125,223,109,238,65,264,11,162,116,232,31,NO
139,260,276,208,180,204,178,219,81,35,181,208,291,95,237,179,219,211,171,21,236,220,93,80,183,205,121,288,165,69,53,159,60,229,67,202,22,153,267,126,228,119,299,176,199,224,157,128,223,300,56,186,208,141,NO
190,204,297,208,273,156,8,190,98,95,272,22,169,55,68,210,18,183,127,224,258,87,171,239,119,5,50,76,214,223,125,106,109,280,163,111,292,76,298,192,135,260,148,170,223,248,42,41,241,33,176,280,150,236,NO
74,221,125,210,132,101,49,239,151,107,19,271,41,72,63,186,126,242,73,147,13,265,109,214,91,183,125,187,40,141,134,299,167,171,168,169,153,297,207,152,222,21,168,283,229,271,123,40,72,134,267,42,292,150,NO
116,101,182,183,264,70,249,201,12,27,30,166,150,247,27,23,249,89,284,279,72,122,216,294,33,15,13,282,244,31,256,80,200,88,281,49,34,44,299,173,29,132,50,108,119,211,281,180,36,135,36,122,235,274,NO
256,83,242,12,261,192,195,234,273,30,112,165,183,74,172,294,67,252,290,149,52,198,9,38,271,227,206,233,189,245,86,254,98,12,51,112,86,76,265,173,253,12,269,3,193,186,74,293,15,206,223,58,276,39,NO
281,28,104,21,198,239,123,31,181,44,92,58,90,231,148,266,296,17,138,271,110,176,292,51,104,184,183,177,123,256,258,209,202,211,38,190,59,169,90,83,271,25,39,140,79,82,125,69,225,49,198,182,99,78,NO
75,192,29,99,78,139,161,184,127,125,266,117,237,150,91,226,246,89,254,214,25,36,22,205,270,111,76,63,198,258,173,287,48,208,257,119,164,118,72,111,280,108,22,268,65,42,224,154,197,69,120,268,2,196,NO
230,246,214,78,251,115,249,214,118,94,41,187,201,48,148,46,217,232,32,111,37,4,275,43,199,72,170,172,297,98,285,100,159,28,41,270,45,271,1,78,171,145,71,41,69,1,158,74,221,117,96,14,210,30,NO
229,181,11,117,170,34,81,42,152,257,89,227,239,120,102,52,68,242,254,260,21,101,233,289,117,21,122,96,50,55,201,264,285,116,68,161,193,171,21,229,215,10,153,212,85,235,114,172,227,47,77,297,63,118,NO
81,178,155,99,93,85,89,144,85,139,93,271,133,192,136,194,144,274,191,222,99,135,12,35,227,190,49,203,130,221,271,204,181,295,249,107,91,82,47,131,152,134,145,57,168,169,97,22,154,144,146,271,264,77,NO
257,204,134,200,292,98,58,256,94,108,42,290,296,114,47,226,295,88,186,5,43,218,167,53,28,2,220,273,54,190,145,20,100,58,85,260,283,50,202,170,161,50,255,105,98,53,288,284,11,157,87,157,255,57,NO
235,280,128,77,263,170,74,281,54,159,233,271,40,102,39,225,153,109,152,226,190,104,120,193,93,206,85,183,174,285,258,39,77,104,34,5,149,206,214,52,180,229,19,234,271,146,29,265,110,24,22,247,179,224,NO
100,197,19,136,33,261,181,165,93,109,49,163,138,294,122,92,94,129,101,208,32,105,44,136,190,223,271,5,123,120,272,289,73,296,130,268,249,87,161,86,250,116,256,129,84,217,202,153,202,268,164,32,216,41,NO
93,16,296,143,227,126,289,15,33,125,38,33,74,119,78,186,41,163,84,263,59,202,165,46,156,125,171,225,95,221,52,230,265,198,73,94,292,130,298,56,235,45,193,122,286,238,145,4,166,195,191,31,223,74,NO
19,41,234,129,105,297,69,111,163,88,123,119,54,25,39,17,20,136,270,105,143,44,232,257,74,134,49,82,212,147,117,145,50,43,102,14,242,181,170,18,111,89,88,224,189,38,34,202,258,180,182,149,5,66,NO
287,168,248,164,156,78,263,207,243,252,36,131,168,81,126,284,114,111,28,206,254,238,289,232,81,86,127,216,217,246,274,163,132,176,83,79,268,283,179,80,214,231,82,69,140,25,234,46,64,241,164,17,86,200,NO
236,52,258,138,298,52,245,38,145,237,54,191,293,163,132,210,300,210,55,36,164,52,189,265,75,71,70,286,264,288,257,220,125,8,233,185,9,206,294,241,167,227,252,289,180,157,184,112,67,238,82,28,59,259,NO
157,161,116,23,220,155,218,100,129,293,106,287,14,284,274,230,158,292,62,258,89,124,140,40,49,171,236,100,94,265,78,141,53,27,258,206,11,218,187,221,62,41,253,128,128,280,73,86,48,213,235,136,11,3,NO
48,63,172,180,10,82,73,89,251,217,4,222,68,246,250,71,120,94,278,106,9,156,85,181,271,15,206,85,37,36,230,13,163,134,297,116,46,64,139,152,254,99,162,141,118,202,180,291,166,84,235,86,92,69,NO
213,288,125,119,30,248,167,210,290,291,96,76,278,129,212,55,38,168,239,277,232,67,287,263,201,34,27,266,213,207,90,22,210,42,214,253,59,95,83,12,74,221,130,218,17,187,263,158,20,92,283,49,298,247,NO
60,258,296,100,192,173,216,290,257,127,290,4,241,57,298,237,254,220,148,213,6,178,30,183,42,205,109,221,248,77,288,25,188,22,280,177,249,129,76,284,122,128,21,273,59,296,247,60,156,18,80,285,242,105,NO
118,255,21,23,27,212,21,235,92,186,196,201,277,163,138,198,15,206,116,47,233,83,76,34,27,224,93,257,173,162,25,177,22,206,168,202,109,185,292,170,78,106,20,163,245,126,14,31,27,232,85,146,237,146,NO
274,144,170,86,197,231,43,19,222,264,4,18,228,283,204,179,36,268,69,26,136,155,177,209,256,12,160,245,204,168,146,101,287,18,293,124,199,100,136,282,262,6,17,284,283,189,71,193,81,68,174,195,186,42,NO
248,87,185,283,240,169,24,26,117,282,261,119,42,78,150,296,279,209,160,30,34,121,144,63,67,152,212,98,297,185,34,147,262,238,40,132,98,153,258,178,86,27,18,234,71,177,142,115,132,176,14,77,216,208,NO
151,167,224,121,160,278,86,99,161,99,140,15,197,203,284,47,253,230,15,42,163,159,255,54,300,194,222,197,42,186,32,69,70,197,285,211,232,43,211,221,104,143,100,82,126,109,65,88,33,65,126,160,109,48,NO
276,167,144,80,163,254,295,6,110,196,268,176,1,220,193,279,143,123,271,168,226,12,30,136,282,149,155,204,226,41,266,148,75,23,78,278,41,124,5,36,159,32,253,91,76,80,299,292,139,167,283,148,90,7,NO
67,19,187,168,280,18,120,7,277,89,147,206,294,146,82,107,180,2,38,207,296,84,61,222,72,148,127,283,132,50,211,109,129,14,268,226,293,219,57,223,73,291,213,258,151,196,17,277,52,189,105,24,108,205,NO
24,35,23,283,141,72,74,51,210,231,226,144,11,164,84,22,114,192,212,144,84,195,122,6,215,90,144,176,55,222,62,29,149,219,60,81,202,284,223,201,275,69,144,101,299,73,43,164,260,8,96,135,74,188,NO
270,144,205,278,137,229,21,163,184,49,180,279,114,215,52,29,295,182,145,251,262,122,112,237,105,259,281,144,296,80,96,120,38,256,228,289,299,15,225,263,258,94,88,231,9,57,214,189,217,77,193,262,160,170,NO
243,39,99,298,254,210,227,268,287,222,112,133,245,115,248,72,139,161,45,217,82,142,238,235,232,148,57,2,290,116,188,215,30,62,291,59,148,203,116,2,152,263,102,99,71,162,288,19,48,222,242,278,10,166,NO
150,181,22,112,249,299,298,209,45,260,89,197,240,196,227,217,182,140,45,246,99,166,212,154,125,209,69,119,9,118,86,1,33,191,15,245,261,229,80,247,10,64,202,12,130,241,272,227,92,102,117,217,43,250,NO
172,38,92,214,175,142,75,2,279,182,29,147,290,83,77,149,104,234,185,249,195,100,106,56,47,51,248,10,84,277,182,84,106,272,53,207,211,222,106,57,262,154,173,11,113,188,215,47,223,18,248,90,178,127,NO
191,153,195,174,257,278,65,40,141,33,223,105,296,83,202,91,33,289,112,121,220,17,15,147,27,103,203,45,298,165,186,284,259,181,181,246,208,48,236,131,6,126,299,46,19,42,117,88,190,25,247,195,132,63,NO
50,229,230,85,167,70,282,87,199,66,63,75,263,148,276,167,48,284,107,244,231,283,67,94,71,142,99,45,254,177,234,166,279,173,42,57,292,131,26,229,222,274,258,176,161,298,287,16,108,35,258,160,290,171,NO
25,69,188,218,274,46,193,295,118,251,186,162,18,178,126,263,245,118,22,77,129,113,125,189,195,160,27,198,257,130,274,268,264,291,295,41,97,145,60,286,4,242,48,195,184,11,165,104,248,138,250,290,154,193,NO
202,70,2,299,150,81,239,283,38,272,19,30,51,183,203,167,103,124,153,130,200,19,61,95,231,155,218,92,92,268,190,54,174,104,199,110,192,195,188,276,15,282,289,190,6,242,146,115,104,186,273,166,297,295,NO
294,114,239,93,185,232,85,11,276,247,148,202,131,22,219,27,99,110,220,246,44,199,103,166,175,186,163,213,271,156,118,194,60,78,113,42,121,281,73,114,281,234,66,34,242,70,199,71,106,14,162,185,226,147,NO
260,150,38,15,152,149,82,282,74,259,125,120,294,228,11,256,121,235,44,136,267,126,292,242,29,187,70,184,269,45,50,241,20,251,288,109,148,53,7,105,47,10,73,106,260,106,162,152,31,201,250,51,123,182,NO
73,179,123,38,28,102,154,291,287,289,119,154,27,67,197,22,194,256,249,225,42,81,159,193,194,229,175,291,30,43,246,267,51,77,41,104,84,68,115,47,221,235,283,210,122,188,151,213,296,198,163,155,109,300,NO
151,176,44,193,44,279,140,160,57,109,280,228,267,219,80,63,299,211,76,134,140,101,182,83,283,179,170,1,157,179,17,112,24,256,289,236,253,4,103,68,36,118,28,86,16,43,61,86,251,96,15,40,228,151,NO
228,42,73,38,32,70,248,54,268,206,220,74,28,220,77,40,236,270,145,137,142,116,95,239,24,160,200,136,187,279,220,124,111,269,115,153,271,167,224,12,77,182,5,98,29,90,25,236,57,229,205,194,209,136,NO
124,172,128,295,108,50,83,169,195,228,83,226,219,82,278,255,83,163,132,129,232,43,140,261,21,88,130,21,51,261,279,58,215,181,173,238,229,64,258,289,149,91,68,54,99,173,17,56,45,300,263,234,155,259,NO
88,1,144,294,25,78,35,28,80,48,295,282,65,135,209,156,113,137,193,105,138,238,76,13,97,58,168,155,152,242,154,202,175,248,112,78,36,204,34,151,160,87,94,87,195,21,176,73,123,142,300,278,63,165,NO
212,293,116,127,213,285,71,148,222,154,176,118,138,226,136,128,258,114,65,205,82,165,265,85,105,168,13,131,168,2,205,35,140,10,252,51,71,18,135,218,215,132,248,32,207,113,98,296,196,99,156,74,275,112,NO
26,131,172,173,171,224,214,48,281,104,99,16,228,263,248,287,218,247,98,146,179,10,73,55,41,253,70,110,104,43,215,222,104,205,111,280,221,189,191,95,75,95,257,165,86,261,257,171,49,29,247,223,36,112,NO
194,61,56,49,286,252,117,140,104,118,58,44,288,300,35,204,202,91,242,107,245,290,265,228,65,251,41,186,241,101,289,257,167,203,124,33,202,200,141,80,13,185,57,249,284,244,144,167,176,27,82,145,144,134,NO
100,125,5,67,125,42,83,103,129,275,218,11,58,249,20,179,112,274,154,281,168,84,257,247,6,217,296,158,191,83,52,133,208,141,20,54,212,93,90,141,176,266,150,209,78,198,81,201,146,122,100,287,45,109,NO
170,161,288,205,230,131,43,212,137,249,120,112,31,70,163,87,206,18,62,242,86,167,130,94,147,64,248,247,67,279,179,277,117,272,148,226,147,217,188,146,130,49,177,243,178,212,288,229,199,223,206,300,203,213,NO
36,95,16,85,259,170,172,2,110,202,247,15,162,209,261,13,185,134,237,101,230,37,184,124,179,184,203,227,224,191,46,100,40,71,152,41,233,94,65,285,139,251,40,228,45,23,285,48,207,152,184,56,215,277,NO
276,4,208,150,263,294,192,176,160,217,282,101,10,246,240,2,65,300,245,295,12,280,80,31,252,95,43,231,224,141,260,132,2,91,75,14,130,188,75,213,240,114,244,72,287,153,124,154,50,264,289,44,185,67,NO
269,33,101,152,35,206,137,199,201,72,32,247,246,2,246,284,250,216,121,85,103,83,286,172,264,149,272,251,180,57,94,260,282,211,123,55,112,235,184,103,147,87,52,261,230,187,157,76,213,225,43,190,161,105,NO
10,266,23,86,31,50,36,205,180,36,28,185,63,235,11,101,76,16,84,281,132,69,20,255,98,212,214,199,210,221,69,243,13,260,192,93,111,63,196,215,270,33,108,125,269,279,152,297,256,147,84,125,113,45,NO
229,24,273,208,290,277,203,159,78,78,104,276,142,113,229,23,271,190,113,39,213,255,177,277,66,95,209,166,39,43,299,43,31,249,159,167,180,218,235,215,174,134,252,142,280,285,81,288,226,259,134,172,82,159,NO
268,14,45,170,192,102,20,150,292,157,62,123,216,125,226,4,195,76,27,191,83,231,221,42,22,179,195,173,50,205,168,298,147,10,32,73,247,224,30,167,259,245,74,9,55,151,58,289,121,217,289,74,236,99,NO
41,21,163,144,128,70,130,60,127,127,198,195,12,228,79,46,258,210,4,157,44,291,218,7,123,268,90,48,81,141,51,296,300,16,3,106,190,106,116,81,135,171,125,17,85,74,200,64,133,197,24,127,135,157,NO
170,183,258,91,99,283,106,196,74,229,105,107,6,167,220,13,7,153,51,155,14,84,114,254,119,81,19,207,138,55,83,79,75,239,222,137,261,282,205,232,117,64,96,65,58,100,3,263,169,105,53,160,25,294,NO
236,251,293,284,240,293,219,115,210,9,249,244,266,261,233,219,79,127,242,137,40,128,77,244,298,150,117,289,187,261,128,277,33,5,108,219,206,249,286,8,156,286,270,65,298,125,244,147,218,272,22,103,66,114,NO
220,237,112,58,181,286,152,71,133,200,45,166,165,270,224,77,140,263,140,174,160,51,65,251,190,261,140,64,63,153,44,253,211,272,251,30,14,158,288,217,118,95,157,231,232,174,188,158,138,35,294,209,219,214,NO
164,178,288,243,10,93,172,284,167,97,142,88,115,63,149,212,245,125,158,113,131,180,277,125,190,267,169,143,291,134,75,186,57,182,148,135,269,300,140,270,216,140,129,35,100,274,214,133,157,133,235,131,114,276,NO
177,294,38,222,227,271,41,245,30,58,259,260,137,160,6,39,125,229,63,30,22,143,136,5,231,203,141,146,71,214,211,297,73,197,64,185,215,255,225,300,110,174,256,51,102,61,99,12,168,19,228,94,161,158,NO
140,243,18,44,230,36,257,238,174,81,201,276,180,169,283,134,96,88,27,2,167,120,89,197,45,170,187,275,56,166,272,246,163,62,140,203,81,103,153,287,159,142,213,23,50,215,242,163,2,106,275,188,68,28,NO
67,8,54,173,189,36,282,181,183,141,61,295,141,149,29,218,218,293,74,173,217,83,249,152,250,139,255,156,62,244,226,274,174,92,232,30,18,251,37,156,198,241,64,48,116,166,232,153,82,59,272,183,298,243,NO
212,203,49,46,229,250,141,11,157,145,158,146,92,162,43,2,196,14,1,91,290,47,259,6,273,136,169,278,227,268,2,56,76,79,195,16,187,230,266,9,290,200,40,187,79,266,104,297,56,118,88,95,66,227,NO
87,5,180,87,95,279,293,23,216,193,43,223,82,75,109,68,209,242,65,189,59,189,179,171,81,52,39,9,278,70,245,180,209,180,153,111,279,111,267,252,181,224,203,291,31,281,300,145,128,153,50,167,286,106,NO
17,200,100,178,249,214,40,225,117,53,245,38,299,134,152,2,131,64,274,129,88,188,206,6,239,230,65,228,189,177,185,104,180,267,10,245,294,285,114,251,56,134,4,79,114,148,38,236,298,89,123,280,207,221,NO
267,226,295,72,108,157,106,155,300,37,100,183,180,105,281,175,156,298,265,217,29,288,60,21,267,114,179,53,287,223,5,175,50,195,116,159,29,250,173,163,173,7,64,171,163,40,164,203,293,49,147,268,221,300,NO
243,115,53,161,38,105,293,115,38,81,183,232,236,199,116,211,232,16,73,198,101,116,290,247,192,139,48,140,162,29,185,13,61,289,249,83,80,256,274,260,25,239,6,300,11,293,115,82,125,234,99,257,17,297,NO
131,136,101,32,213,207,81,67,272,79,211,256,51,153,98,72,247,183,60,189,149,226,173,223,183,94,87,82,70,62,209,234,213,276,80,35,258,253,25,219,195,15,34,247,51,74,2,282,175,283,116,158,108,187,NO
93,121,241,233,62,102,135,281,2,32,280,146,22,2,144,118,153,136,1,58,184,155,163,241,30,212,189,35,8,127,239,133,226,272,33,11,269,125,6,258,119,23,247,137,111,266,38,216,30,146,231,140,166,119,NO
262,154,141,172,229,202,169,47,213,29,14,10,231,110,175,57,180,103,34,248,102,246,101,94,212,289,81,105,115,121,103,237,181,24,16,199,75,244,265,4,98,144,179,86,232,83,87,269,207,35,236,127,289,268,NO
220,88,54,67,184,15,291,203,159,89,219,168,161,293,104,75,213,287,78,79,118,18,46,123,143,2,19,20,90,42,57,228,269,79,83,11,8,219,125,197,114,244,185,159,300,36,68,223,44,127,10,296,154,93,NO
281,160,156,23,285,196,68,185,219,125,179,18,32,192,191,285,111,44,196,108,191,167,102,103,68,247,122,219,135,3,72,12,159,255,164,186,6,198,300,100,76,191,162,71,228,39,152,53,102,99,143,20,257,299,NO
146,13,138,284,121,236,2,50,190,291,55,47,104,54,192,113,223,30,12,158,102,66,2,190,284,13,174,259,285,244,104,223,275,147,75,40,36,156,106,226,252,87,167,246,248,193,79,212,142,26,271,171,148,228,NO
64,265,28,145,61,179,40,100,125,70,289,109,101,91,281,212,235,211,281,8,38,214,130,111,189,52,295,279,214,120,9,195,208,263,25,253,275,53,156,164,1,218,67,112,246,220,244,202,76,210,239,230,211,283,NO
47,38,300,157,197,282,293,38,27,255,100,217,171,254,161,5,76,266,207,61,227,130,131,15,148,63,44,237,296,105,218,62,237,225,254,208,16,300,53,289,282,252,237,104,88,32,280,183,125,193,257,187,26,6,NO
136,74,112,284,279,167,104,48,223,42,278,132,71,206,284,31,160,76,127,62,276,296,7,113,208,300,228,39,62,241,76,263,218,162,73,24,196,235,163,265,21,205,91,61,137,17,95,237,212,236,13,130,206,69,NO
85,56,90,238,251,200,111,116,154,183,194,136,50,147,204,77,84,277,104,168,174,252,144,69,62,180,189,16,35,25,72,265,86,168,94,28,131,30,131,160,107,289,199,12,76,107,222,116,213,199,93,41,170,299,NO
176,55,1,102,127,275,220,57,26,21,217,226,249,72,132,46,73,286,45,204,298,113,250,127,185,119,154,31,175,67,34,205,246,40,103,228,88,181,162,11,122,180,226,21,230,31,152,195,120,262,167,219,137,295,NO
121,49,113,75,224,196,167,268,57,9,132,234,297,100,24,195,296,234,36,54,295,158,217,243,27,241,47,239,254,258,231,134,292,181,257,106,219,197,150,35,45,134,159,4,187,222,142,179,15,173,142,161,142,258,NO
197,26,208,20,276,257,237,185,247,67,124,191,178,192,161,13,266,264,257,61,114,188,270,57,165,206,86,283,28,11,198,161,293,13,262,193,77,64,51,33,170,258,137,244,129,125,261,66,176,31,209,80,202,163,NO
219,118,140,194,128,208,265,260,280,127,42,164,32,134,275,272,276,220,276,292,230,27,61,255,135,48,271,125,171,124,117,193,53,71,171,110,102,89,216,192,37,213,187,150,252,123,11,67,23,272,194,192,84,194,NO
131,168,248,103,160,134,44,274,108,29,89,28,227,54,225,205,241,296,213,70,203,83,212,168,45,103,122,203,133,2,168,162,260,67,281,32,172,279,215,91,31,292,184,213,229,37,163,194,297,33,136,65,156,127,NO
280,213,157,280,267,290,85,62,17,45,291,5,118,291,87,169,104,38,108,231,201,212,229,58,136,42,56,34,245,250,20,74,169,206,135,107,78,76,271,271,113,23,74,102,269,198,39,190,179,61,172,285,125,65,NO
90,118,219,19,237,82,178,243,33,149,115,258,30,162,93,229,244,54,78,282,51,184,232,48,225,288,53,33,60,297,173,139,130,254,86,14,223,199,157,209,178,7,266,243,23,78,4,19,34,115,162,98,187,198,NO
30,137,76,222,293,113,147,97,206,228,56,189,108,268,124,228,88,119,26,81,96,15,245,93,275,252,26,114,55,254,257,10,243,289,103,289,57,179,150,273,145,148,212,9,243,132,78,12,16,147,157,147,106,210,NO
177,131,83,151,278,269,71,35,15,83,176,240,266,34,64,3,214,49,56,122,158,110,184,214,95,152,241,266,43,42,115,244,202,293,75,39,279,192,64,249,185,167,32,27,61,253,133,4,66,271,19,43,265,125,NO
39,179,75,123,289,82,158,90,177,194,181,235,188,124,202,94,264,32,115,112,246,214,200,163,38,117,19,189,124,43,138,259,155,147,22,278,79,239,1,159,272,145,188,139,115,288,141,196,157,200,113,55,287,56,NO
105,186,99,152,185,113,23,211,293,284,79,30,202,208,292,99,30,282,298,246,161,183,135,173,138,122,223,52,168,238,27,81,283,67,285,18,290,97,244,11,245,280,143,180,10,258,137,145,133,190,195,235,182,233,NO
18,230,48,296,109,206,5,265,155,106,285,73,84,7,87,227,160,283,174,257,180,167,18,182,16,54,16,261,186,105,35,3,31,16,292,151,231,203,239,139,139,11,282,87,253,232,18,106,203,52,57,125,60,67,NO
45,298,298,107,275,243,196,235,234,269,89,86,89,153,107,24,101,91,196,4,148,47,212,183,60,41,241,105,135,110,69,271,243,181,277,164,84,104,182,10,236,48,214,149,45,48,104,242,267,282,246,266,271,269,NO
11,68,219,285,177,152,268,235,82,190,160,159,6,26,122,15,8,145,249,285,294,172,40,78,202,274,59,151,236,292,153,169,78,40,194,175,241,222,277,182,66,52,215,281,141,123,124,72,108,289,218,274,229,292,NO
105,277,10,275,132,284,105,266,71,110,26,246,182,171,265,11,244,271,124,94,144,104,221,235,125,108,192,54,145,245,234,102,289,129,242,293,8,177,55,188,117,67,116,72,166,282,119,149,62,175,72,14,94,266,NO
125,72,268,159,6,103,258,66,143,292,96,141,149,172,79,103,254,41,232,245,81,111,149,221,42,289,54,41,56,87,219,203,203,74,112,136,165,110,270,207,124,81,11,275,29,292,115,191,293,114,180,8,127,77,NO
264,148,207,133,29,100,281,277,148,157,47,100,74,235,223,268,218,217,141,257,202,228,168,284,78,24,239,206,234,61,246,109,194,49,220,26,198,99,160,54,29,89,243,195,222,192,197,190,67,202,174,214,202,118,NO
153,31,16,192,42,135,11,198,212,256,249,61,167,292,8,100,26,126,238,186,258,77,158,235,28,203,247,226,165,24,91,207,116,211,166,73,253,171,193,167,230,74,10,35,94,294,137,142,163,141,150,215,14,177,NO
244,226,287,1,53,106,90,279,109,260,2,191,7,272,246,97,21,123,102,79,297,127,176,239,149,273,76,140,214,129,84,50,74,288,275,259,9,267,179,100,152,190,242,257,170,262,63,156,193,227,108,200,60,82,NO
105,285,261,123,281,30,125,174,295,153,256,25,6,298,166,14,41,226,96,185,229,181,5,91,212,106,63,276,293,41,275,143,174,108,206,38,46,281,190,258,151,121,289,139,206,230,151,41,299,106,282,77,140,86,NO
172,66,244,94,78,73,229,166,134,44,36,80,73,1,4,79,46,260,93,167,272,249,68,109,107,148,31,17,206,178,240,52,158,143,68,35,167,266,280,98,166,214,23,61,78,274,98,37,77,192,108,155,194,260,NO
273,242,25,107,209,220,107,38,275,118,170,192,79,41,221,268,221,194,66,213,197,68,10,276,32,226,256,198,94,228,86,152,8,235,147,70,50,80,60,150,264,72,153,23,156,54,70,76,164,297,204,72,255,30,NO
69,68,273,58,162,40,90,299,44,85,169,135,72,128,172,249,98,198,47,210,196,91,284,231,39,212,159,292,67,110,295,119,155,261,80,43,189,52,209,208,119,113,93,160,176,75,300,193,147,286,65,295,59,268,NO
96,230,131,149,91,273,299,234,74,241,240,179,105,137,246,242,181,33,171,250,100,238,48,204,292,86,158,204,239,103,215,77,44,151,25,259,267,286,253,230,39,172,92,88,141,35,165,190,35,73,226,162,86,12,NO
47,106,78,294,247,36,220,215,228,164,274,103,219,124,9,299,159,267,242,165,32,32,125,215,112,11,291,230,107,26,282,203,74,255,114,258,59,108,152,214,11,258,191,69,60,211,206,258,63,254,263,94,200,108,NO
58,69,161,261,69,197,182,100,266,202,242,12,298,209,240,46,178,294,57,91,191,246,208,282,218,167,128,123,151,184,222,138,291,281,220,8,31,7,131,85,103,196,232,130,175,149,161,150,20,242,41,97,288,250,NO
276,26,294,13,22,42,109,282,45,81,77,220,124,233,26,258,268,137,267,228,158,103,122,48,158,206,165,122,179,193,100,116,180,78,105,206,289,194,232,255,36,45,214,77,166,160,292,169,80,271,47,300,266,218,NO
272,119,195,20,256,184,205,58,123,27,209,242,194,95,251,75,142,127,38,10,181,99,281,230,158,72,117,296,213,88,216,173,223,273,215,222,60,159,232,294,215,284,78,36,197,294,112,59,217,236,27,291,170,23,NO
55,5,219,190,230,260,227,107,92,267,268,86,239,58,45,3,153,203,246,43,220,152,207,239,2,266,174,173,41,278,269,254,140,82,230,280,260,9,23,259,167,47,248,218,98,231,221,6,147,127,226,50,66,251,NO
265,15,191,27,280,171,174,168,65,99,101,281,79,129,234,53,82,284,190,152,143,189,133,297,30,62,288,62,140,41,244,53,185,184,181,70,242,187,32,172,231,227,200,272,273,299,243,130,60,204,37,47,121,5,NO
219,264,212,255,6,95,209,73,274,135,135,115,276,217,111,237,243,182,221,63,262,140,108,247,66,219,151,131,248,144,298,18,102,292,83,168,299,99,205,110,20,21,273,119,151,75,124,43,296,16,275,32,126,44,NO
274,3,232,124,69,113,115,29,182,27,183,164,64,42,105,71,3,130,13,111,284,144,272,146,188,159,296,53,294,59,243,155,277,116,267,40,126,27,298,81,201,256,70,221,276,35,71,284,219,193,52,48,66,294,NO
252,14,35,133,252,31,37,165,191,117,281,42,223,125,172,247,120,65,239,84,176,8,119,112,129,204,17,17,275,203,100,90,93,141,98,117,151,3,99,52,71,213,197,205,151,148,144,219,24,291,98,16,191,223,NO
173,257,275,47,88,103,186,258,74,138,92,206,104,18,70,65,129,38,116,229,107,58,172,296,194,112,189,296,123,152,49,178,41,187,56,269,255,213,22,194,300,258,291,139,241,36,115,254,73,229,238,9,211,297,NO
272,249,77,79,273,274,260,58,132,193,3,64,206,290,129,54,214,95,126,103,168,52,224,133,18,244,171,57,119,29,294,123,51,211,224,55,168,92,114,167,37,67,49,102,159,181,46,23,265,150,136,158,77,69,NO
189,36,78,11,70,56,10,77,267,57,239,82,124,224,110,300,250,259,77,12,285,135,192,187,58,95,127,99,255,131,287,193,91,83,281,64,72,25,275,283,211,71,281,202,54,276,145,134,133,189,187,147,12,290,NO
103,164,180,246,207,121,66,28,2,91,186,202,61,183,7,168,178,195,242,115,72,160,282,32,51,80,221,194,14,33,11,238,150,124,198,265,35,43,62,176,217,168,148,47,35,79,97,215,39,287,23,188,131,116,NO
131,80,21,160,281,46,31,147,185,209,39,171,119,242,91,254,208,102,88,72,229,188,270,203,274,248,187,228,100,140,239,225,152,284,50,64,27,69,290,10,31,233,191,48,79,279,123,297,270,148,75,78,197,222,NO
